joke,how,why
"小明要带小王去嫖妓。行前小明告诉小王该场所美女如云，服务一流，什么要求小姐均能接受。小王听了之后就兴高采烈随同小明前往寻欢。抵达之后，各自择定对象就分开办事。一个小时之后，大家又在大厅碰面。小明就问小王：「滋味如何？」小王垂头丧气说：「不好玩，因为我要求的方式她不能接受。」小明：「怎么可能，你要求什么方式？」小王：「免费服务。」
",桥界推论,意想不到的答案
"姑娘，您戴的是假发吗？ 是的。可是商店的人对我说这准也看不出来。 我也许看不出来，可是您忘了从假发上把商标取下来
",禁忌\秘密揭露,意外出糗
"老师课上提问，问到一男孩，“你长大后要干什么”小男孩说：“我以后要当女浴室的一名搓澡工。”正当老师惊叹之余，男孩接着说：“这样我妈妈就不用那么辛苦了！”
",桥界推论,意想不到的答案
话说有一女子问媒婆：我的相亲对象是什么人啊？媒婆添油加醋地形容：对方人称外号『金城武。』！相亲女立刻挂了电话就去相亲。结果回来后大骂媒婆：又矮又丑，这个叫金城武？媒婆回答：我还没有把话讲完你就跑来！人家是说外号『京城武大郎』,⽂字游戏,搞错重点或是误会情节
"有一个养猪人喂猪吃剩饭剩菜，一天环保局的人来了问他：「给猪吃什么？」
养猪人说；「剩饭菜ㄚ。」结果他被开了「虐待动物」罚单。
之后养猪人就喂猪吃山珍海味，又有一个环保局的人来了，看到猪吃美食，就大骂养猪人：「非洲闹肌荒，居然给猪吃这么好」，又被开「浪费食物」罚单。最后养猪人想了一个办法，又一个环保局的人来了问：「猪吃什么？」养猪人说：「吃这也不是，吃那也不是，我就给牠500元让牠自己去吃ㄚ」",无逻辑和矛盾,意想不到的答案
"巴西队这次荣获世界杯冠军，五岁的孩子不懂足球也跟着看，因为巴西队大打的比赛最多，解说员也总是解说巴西队的比赛实况，大人们看着带劲，孩子却不怎么看得懂，总是听解说员叫巴西队员的名字，实在不理解了就问大人，巴西人都长几个耳朵？ 大人不解小孩子为什么问这样的问题，孩子天真地说：你没有听解说员老叫巴西球员的名字嘛，罗纳耳多，小罗纳耳多，黎瓦耳多，……。 大人笑
",⽂字游戏,搞错重点或是误会情节
做警察的小明与朋友一起去打猎，忽然，他看见了一只梅花鹿，于是，悄悄地绕到它的身后，举起枪，大声喊道：「不许动，举起手来，不然我就开枪了！」,职业病描述,荒诞或是愚蠢的行径\话语\情况
"小丰与小玉夫妻俩今天大吵一顿。 小玉一把鼻涕一把眼泪地说：“早知道就听我妈妈的，不要嫁给你！” 小丰愣了一下，缓缓地问：“你是说****曾阻止你嫁给我？” 小玉点了点头，小丰用力捶了一下桌子说：“啊！这些年来我真是错怪她了！
",桥界推论,另有含义
"一个新厨役为了送早餐到女主人的床上，在女主人一丝不挂地坐在梳妆台前时，就进了她的卧房。这当然引起了一阵怒骂和叫喊。以后决不可这样冒失！她警告说：进来前一定要叩门。 第二天，这仆役又送早餐到女主人的床上，这次她穿上了一件睡衣，但仆役走进时仍未敲门。我不是告诉过你先敲门的吗？这女主人责问道：你可能以为我没有穿衣服又闯进来的。不！这次我弄明白了。仆役答道：我在钥匙孔里看到太太穿上睡衣后才进来的
",禁忌\秘密揭露,荒诞或是愚蠢的行径\话语\情况
湖北有一洗碗阿姨，她嫌洗碗阿姨不好听，给自己取了个牛气的名字叫：「瓷洗太后」隔壁补车胎的师傅大受启发，也任性了一把，给自己取了个具有国际范的名字：「拿破轮」电焊工听说了受到启发，开了个电焊铺，取名：「焊武帝」这天他去隔壁的糖果店炫耀，糖果店老板拉著他看了看自己的店名：「糖太宗」，电焊工沉默了……不远处切糕店的老板跑出来指了指自己的店名：「汉糕祖」，二人一起沉默……这时，一个掏粪工骑著拉粪车从两人面前经过，拉粪车上赫然写著三个大字：「擒屎皇」……集体沉默……偏偏消息传到了湖南境内，有个编竹席的工匠，也让整了个牌子挂在竹器店外：「毛竹席」这下邻家慌了，他也开了一家竹席店，心想要是不整点名堂出来，这生意不都给隔壁抢去了，于是连夜请高手帮忙，第二天人们看到这家竹席店也挂一牌子：「席大大」,⽂字游戏,意想不到的答案
有位奶奶发Line给乖孙子：「你惨了啦，赶快去躲起来，你的老师因为你翘课，现在来我们家找你了！」乖孙回传：「奶奶，要赶快躲起来的是妳！因为我今天打电话向老师请假，说奶奶过逝了，所以今天不去上学！」结果奶奶已经跟老师开了门，老师很惊讶的说：「您老...........」奶奶也很惊讶的跟老师说：「你怎么看得到我，今天头七，我回来看看，不好意思，让老师您受惊了！」老师口吐白沫，顿时晕倒。,无逻辑和矛盾,荒诞或是愚蠢的行径\话语\情况
"今天发现老公给女儿买了一件可爱的小衣服，上面写着：避孕失败！
",桥界推论,另有含义
"教授和农民打赌。 教授说：我出一题，你不知，给我五元； 你出一题，我不知，给你五百，如何？ 农民同意。 教授：月亮距地球多远？ 农民递给教授五元钱。 农民问：上山三条腿，下山四条腿，是什么动物？ 教授苦思无解，无奈输五百。 农民接过钱，教授追问：是什么动物？ 农民递给教授五元钱。
",桥界推论,另有含义
"女：“开门见山吧，我喜欢的男人是拥有高学历和广阔梦想的人。” 男：“我很符合啊，你说的不就是我么？” 女：“是么，那你的梦想是什么？” 男：“我的梦想从儿时到现在一直没变过：“读万卷书，行万里路。” 第一条我上学的时候已经完成了，第二条正是我如今从事的工作。” 女：“真不错，你是从事什么工作的？” 男：“我是送快递的。
",桥界推论,意想不到的答案
"新经理上任，秘书拿着本地的教育经费报表请领导签字，领导一看：“为什么要这么多教育经费，教育真有那么重要吗？”秘书：“领导，教育这件事重不重要，我举个例子您就知道了”领导：“什么例子？”秘书：“李逵没受过教育，听说领导宋江强占民女，他就要砍了领导。林冲受过教育，媳妇被领导的儿子占便宜，自己被诬陷，连个屁都不敢放！”领导说：教育的确很重要，你这个费用我给你批了..
",桥界推论,另有含义
有一个印假钞的坏人被逮捕了警察说：你为何要印假钞！！！坏人说：因为我不会印真钞！！！,禁忌\秘密揭露,搞错重点或是误会情节
"女：「我觉得你的鞋蛮好看的欸～」男：「是吗？但我觉得再好看也没有你好看！」
",⽂字游戏,意想不到的答案
"据说，在白案嫌犯陈进兴挟持南非武官一家大小当天，为了缓和现场紧绷的气氛，警方决定让陈嫌与记者进行访问.........记者：「如果让你从头再来一次，你想做什么呢？」陈：「我想出国啦，台湾的治安太坏了！」记者：「............」
",桥界推论,另有含义
考试open book，教授说可以带任何你们带得动的东西。考试当天，小轩扛了三大箱书，小龙带著手提电脑，正当得意时，只见小明....揹著一位教授进教室。,类比,意想不到的答案
"有个二货，踩钉子上了，到医院打破伤风疫苗，第二天又踩钉子上了，问大夫还用打疫苗不，大夫回头瞅瞅他说：“拉倒吧，有那闲钱看看眼睛吧。”
",桥界推论,另有含义
"女儿（一年级）很爱劳动，已经学会作简单家务。一日回到家中，见她一人正在做汤圆，盘中已经高高垒起二十余只。正欲表扬鼓励两句，她一不留神，手中汤圆滚落地上。她立即钻到桌下，拣起后放在盘中。 我大惊：掉在地上的就不要了！ 她神色自若地说：不要紧，每个都掉在地上过的
",禁忌\秘密揭露,意想不到的答案
"一男子在一次相亲会上看上了一个漂亮的女人， 于是就主动搭讪说：感觉我们有某种缘分。 并说自己有个富豪的爸爸。女子跟他聊天，寻问了他的家庭情况后， 就再也没有联系。后来，所谓的缘分不幸被他自己言中了—— 这位漂亮的女人成了他的后妈…
",桥界推论,意想不到的答案
"男孩向他母亲哭诉：“我们班上所有同学都嘲笑我头大，说我是大头鬼。” 母亲安慰他：“不要听他们胡说，你的头其实很好看。好了，不要哭了，去给我买五公斤大米回来吧。” 男孩：“购物袋在哪里？” 母亲：“要什么购物袋，就用你的帽子好了。
",讽刺,另有含义
"女人常发牢骚，说男人没本事，迎娶她时家里啥都没有。 她指着衣柜、彩电、床、被子说：“这些东西都是我从娘家带来的，你有啥?” 男人一笑，指着她怀里的孩子说：“你敢说孩子也是你从娘家带来的?
",无逻辑和矛盾,意想不到的答案
"一瞎子，一矮子，一驼子，吃酒争座，各曰：说得大话的便做头一位。 瞎子曰：我目中无人，该我坐。矮子曰：我不比常（音同长）人，该我坐。 驼子曰：不要争，算来你们都是直背（音同侄辈），自然该让我坐
",⽂字游戏,意想不到的答案
"一个人穿了龟皮做的新鞋上班。同事问他喜不喜欢那双鞋，他若有所思地答：「我从没穿过这么舒服的鞋，不过有个问题，我走了一个半小时才走出那家商店。」
",桥界推论,另有含义
"一位医生不学无术，病家花费了不少医药费，总是治不好病，主人就叫仆人去臭骂一通，出出怨气。 仆人去了半天才回来，主人问骂过了没有，仆人说：没有。问：为啥不骂？答：我走到医家那里看到打他骂他的人簇拥了一大堆，我挤不上去，没骂成哩
",桥界推论,另有含义
"小明：「爸爸，为什么你有那么多白头发？」爸爸：「因为你不乖，所以爸爸才会有那么多白头发啊。」小明：……（疑惑中）小明：「那为什么爷爷全部都是白头发？」爸爸：！＠＃＄％︿＆＊
",讽刺,另有含义
"领儿子去买东西时碰见一个卖樱桃的熟人，熟人让小孩抓一把樱桃，小孩犹豫了一下，没动手。 “你不爱吃樱桃吗？”老熟人问。 “爱吃。”于是，老熟人抓了一把樱桃塞进小孩儿的衣兜里。 回家路上，爸爸问儿子：“刚才叔叔让你拿樱桃时，你为什么不拿？” “因为，他的手比我的手大。
",禁忌\秘密揭露,意想不到的答案
"儿子：爸爸，晚上我们去看马戏吧！ 爸爸：儿子，我没时间。 儿子：听小朋友说，马戏团里有一位不穿衣服的阿姨在老虎身上跳舞呢。 爸爸：那好吧，咱们一起去，我很久没有看老虎了
",桥界推论,另有含义
"老师：您的儿子在学校谈恋爱了。家长：我知道！老师：您不反对？家长：反对什么，在学校有他女朋友管著他，不让他抽烟喝酒，生病的时候照顾他，天冷了提醒他多穿衣服，这样很好阿~老师：那就是同意我们在一起了吗？
",禁忌\秘密揭露,意想不到的答案
"某小学生学习小提琴，这天来到班上，打开琴盒，赫然发现里面放着一把冲锋枪。 于是他大惊失色的说：坏了，我爸爸拿着我的小提琴去银行了
",桥界推论,荒诞或是愚蠢的行径\话语\情况
爸，我好想去剑桥” 然后他就把我送去了工地,⽂字游戏,搞错重点或是误会情节
"A：你姓什么 B：我姓交 A：你跟你爸姓交喔！
",⽂字游戏,另有含义
"「医生，我一睡著便会打鼾。」「鼾声响不响？」「很响。」「你太太会很厌烦吗？」「我还没结婚.」「你一个人睡？那不成问题了..」「谁说不成问题？！我因为打鼾被炒了五次鱿鱼了！」
",桥界推论,另有含义
几个女孩在一起谈论将来嫁个什么样的老公。 其中一个态度十分坚决地说：“我非当兵的不嫁！”其他女孩不解地问：“为什么？” “因为他在部队不仅学会了洗衣做饭，更重要的是他学会了服从命令！,桥界推论,另有含义
老师：乔尼，学生守则一共几条？ 乔尼：十条。 老师：如果你破坏了其中的一条…… 乔尼：那还有九条,禁忌\秘密揭露,意想不到的答案
为什么要读书？举个例子，当你看到夕阳余晖，你的脑海浮现的是“落霞与孤鹜齐飞，秋水共长天一色。”而不是“卧槽，这么多鸟，真好看，真他妈太好看了！”,类比,意想不到的答案
"今天和女友逛街，路过一店，门面不大，但是门口挂着很多衣服，有一件挺漂亮的，虽说是挂在门口的是低端货，但是女友挺喜欢的，便上去试了试，左右瞧了瞧，满意的点了点头。正要叫店员收钱，一妹子跑了出来，干笑着说：不好意思，我们是干洗店。 当时我和女友脸上的笑容瞬间凝固了，场面十分尴尬
",禁忌\秘密揭露,搞错重点或是误会情节
"在化学实验课上，教授对学生说：做实验既要有勇气，又要观察仔细！ 说着就把手伸进盛尿的烧杯中，然后伸进嘴里舔一舔。同学门看了之后都纷纷把手伸进盛尿的烧杯中，再放在嘴里舔一舔。许多同学都恶心的要命，有的都把早饭吐了出来。 教授看了笑着说：你们勇气多余，观察不足啊！我伸进去的是食指，放进嘴里的却是中指！ 哗！倒了一片
",禁忌\秘密揭露,荒诞或是愚蠢的行径\话语\情况
" 题目: 天涯海角。小朋友写: 妹妹乱跑跑到天涯海角.
",无逻辑和矛盾,荒诞或是愚蠢的行径\话语\情况
"老婆出差，晚上打电话过来。 老婆：晚上自己解决啊！ 我：啊？你说什么？ 老婆：不要想歪，我说是吃饭
",禁忌\秘密揭露,搞错重点或是误会情节
"新郎：亲爱的，让我们商量一下婚后的生活吧！在我们家里，你想当总理还是副总理？ 新娘：嗅，亲爱的，我可不敢当。不过我想我还是能够胜任一个较小的角色。 新郎：什么角色？ 新娘：当财政部长
",桥界推论,另有含义
"两个爱尔兰人坐在一个酒吧间里喝酒。 其中一人问另外一个：你是哪里人？ 另一个回答：我生在科克郡。 不是开玩笑吧？我也生在科克郡！……咱们再来一杯吧！你生在　　科克郡什么地方？ 另一个答道：我生在我妈的房子里，门前有一条小河从萨克村南边流过。 上帝保佑，第一个人叫道：你能相信吗？我也生在我妈的房子里，也离萨克村不远。为了咱们的亲近，来，我们再干一杯！……那么你是在哪个学校上学呢？ 我上学是在镇上的圣母受难学校。另一个答道。 这时第一个人已经兴奋得不能自已，他大声叫了起来：天啊！太不可思议了，我也是在那家学校上的学，这个世界真是太小了！老板，再给我们每个人来上一杯！ 这时，酒吧里的电话铃响了，老板接电话：克兰酒吧……噢，今天晚上没有什么新鲜事，就是奥哈拉家的那对双胞胎又喝多了
",禁忌\秘密揭露,荒诞或是愚蠢的行径\话语\情况
小明到医院看病，医生宣布他得了绝症，他很悲伤的问医生还有多久可活。医生回答：「10..........」小明：「10年？还是10个月！？！」医生看著他说：「 9..........8..........7...........6..........」,桥界推论,另有含义
"妹妹：哥，如果有不良少年勒索我们，怎么办？ 小新：跑呀！ 妹妹：你跑得赢他们吗？ 小新：我只要跑得赢你就行
",桥界推论,另有含义
"孙子为识字不多的祖母念报纸新闻。今天的头版：「第一届世界经典棒赛．．．．．」祖母：「啥米！ㄅㄤˋㄙㄞˋ也可以登在头版，现在的报纸真是乱七八糟。」
",⽂字游戏,搞错重点或是误会情节
"3岁的儿子小韬最爱凑热闹，哪儿人多就往哪走。妈妈实在拉不住，
气愤地对他说：“你就是爱凑热闹！” 小韬马上回答：“我才不爱臭热闹呢，我爱香热闹！",⽂字游戏,搞错重点或是误会情节
"一应届生应聘，老板问他：“你想要什么工作环境？” 他答：“月薪10万元，包住，每年公费出国30天。” 
老板：“我给你月薪20万元，送你一栋房子，每年公费出国60天。” 他惊讶地说：“这么好！该不会是跟我开玩笑吧？” 老板：“是你先跟我开玩笑的。",禁忌\秘密揭露,意想不到的答案
"小胖做大扫除时偷吃红豆冰，被老师发现了。
 老师不高兴地对小胖说：“是不是太闲了？” 小胖回答：“老师，不闲，是甜的！",⽂字游戏,搞错重点或是误会情节
半夜里，丈夫突然把妻子摇醒，兴奋地说：刚才我做梦捡到了一个装有五千元的提包！ 妻子唔了一声，又睡着了。 过了一会，丈夫被妻子的抽泣声惊醒了，问她为什么哭，妻子说：我梦见你捡的那个提包被人偷走了,其他,意想不到的答案
楼主：为什么伤害隔着那么远都能做到，而安慰，却必须在身旁才行呢？回复：不用啊，支付宝打钱就行了。,禁忌\秘密揭露,意想不到的答案
一美女和一丑男在路上遇见了，美女给了丑男手机号码。 丑男非常高兴，结果美女说：“我都给了你我的电话号码了，你怎么还不懂我心思！ 有事没事就应该给我充几十块钱话费。,禁忌\秘密揭露,搞错重点或是误会情节
昨天被公司美女同事莫名的亲了一口，心里各种的爽。 后来才知道人家玩真心话大冒险， 是叫亲一个公司最丑的，最丑的！ 躺着也中枪啊,羞辱,意想不到的答案
儿子问爸爸：“爸爸，你初恋的时候是什么样子的啊？” 爸爸说：“那时我18岁，我走进一家饭店吃饭， 隔壁桌是一位，我一直以来见到过最美丽的姑娘。 就在我看见她的那一秒，丘比特就射出了他的神箭。” 儿子问：“哎，然后呢？发生了什么？” “什么也没发生。那箭射偏了，不偏不倚扎在了你妈那...,讽刺,另有含义
这一天，一位漂亮的女孩在一个池塘边发现了一只非常大的青蛙。女孩惊讶极了，伸手就去捉青蛙。没想到，青蛙竟主动跳上了她的手掌。 接着，更令人惊奇的事发生了，青蛙开口说起了话：“亲爱的姑娘，我在这里已经等了你很久了。我本来是一位王子，很多年前因为得罪了一个巫婆，我被她施了咒语，就变成了现在得这个样子。只要你吻我一下，我马上就会恢复王子的模样。为了感谢你，我会把你娶进皇宫，跟我的父皇和母后生活在一起。婚后，你什么都不用做，只需为我准备一日三餐，给我洗洗衣服，生孩子，过着令全世界的女人都羡慕的生活。” 女孩一听，笑了。 晚上，女孩一边吃着美味的青蛙肉，一边自言自语道：“我可不想过那样的生活！,转化,意想不到的答案
一生赁僧房读书，每日游玩，午后归房，呼童取书来。童 持《文选》，视之，曰：低。持《汉书》，视之，曰：低。 又持《史记》，视之，曰：低。僧大诧曰：此三书，熟其 一，足称饱学，俱云低，何也？生曰：我要睡，取书作枕头耳,禁忌\秘密揭露,意想不到的答案
甲：听说你太太要和你离婚了？ 乙：她说她不想纠缠在三角关系里。 甲：三角关系？是不是她知道你在外面有情人的事？ 乙：不是，她怀了她老板的孩子,桥界推论,意想不到的答案
有一个男子在沙漠中迷路就快渴死时捡到了一盏灯搓了灯后里面跑出一个精灵精灵说：「感谢你救我出来我可以给你三个愿望」于是他许了三个愿望第1.我快渴死了！给我源源不绝的水喝第2.我想离开这里我要回家第3.我好久没看到女人了想看女人的屁屁神灯精灵答应了...开始念起咒语咻了一声那个男子就变成家里厕所的....马桶！,桥界推论,意想不到的答案
小新：「美芽，公园有个可怜的欧巴桑，我想帮助她」美芽：「小新真有爱心，就给她10块钱吧！」美芽：「咦！你怎么买了香肠？」小新：「她就是卖香肠的嘛！」,桥界推论,意想不到的答案
鲤鱼妈妈:“小鲤鱼？” 小鲤鱼:“……” 鲤鱼妈妈:“小鲤鱼，妈妈叫你呢。” 小鲤鱼:“……” 鲤鱼妈妈:“怎么了，小鲤鱼？为什么不答妈妈的话了？” 小鲤鱼:“妈妈，闭嘴，鱼是不能说话的哦！,禁忌\秘密揭露,意想不到的答案
我不知吃了什么坏东西，在厕所里吐。 吐完了，出来见儿子在玩电脑。我委屈地说：“妈妈吐了，你也不过来看看。” 儿子也感到内疚：“妈妈要不你再吐一遍，我给你拍拍。,无逻辑和矛盾,意想不到的答案
亚清有一个三岁的儿子叫俊仔，一天，她发现俊仔站在窗前，一边挥手一边说：「伯伯，拜拜！」由于他们住在二楼，所以亚清不以为然，以为俊仔是和街外的行人说，但后来发现俊仔几乎每天黄昏左右都会这样做，但又不见窗外有人，亚清开始觉得不对劲，于是问俊仔和谁讲拜拜，俊仔说：「和伯伯讲。」亚清惊讶地问：「外面那里有伯伯呀？」只见俊仔一边指著出面，一边说：「就是那个太阳伯伯了。」,禁忌\秘密揭露,搞错重点或是误会情节
农夫：我晚上上床后常感觉发冷。 医生：我也有过，那时我会搂着我太太，就会暖和了。 农夫：这办法不错，但您太太什么时候方便呢,桥界推论,搞错重点或是误会情节
员警：「你被偷去的大衣，值多少钱？」失主者：「新做的时候，是20元，曾经当过一次，是12元赎出来的，一共32元。」,无逻辑和矛盾,荒诞或是愚蠢的行径\话语\情况
同志，你每天夜里拉小提琴，吵得邻居没法睡觉。 那好，我从今天起改拉催眠曲,无逻辑和矛盾,搞错重点或是误会情节
老师：“校长，最近不少家长反映孩子们的书包太重了。” 校长：“是啊，孩子们每天背这么重的书包，走这么远的路上学，相当于每天进行两次负重竞走，运动量确实够大的。” 老师：“怎么解决呢？” 校长：“从下学期开始，就把体育课取消了吧！,桥界推论,搞错重点或是误会情节
女儿问老婆：“妈妈，为什么大人讲故事，每次都要从‘从前有个地方……’开始？” 老婆看了我一眼，回答说：“不是每个人都爱这样开始讲故事的，有人一讲故事就从‘今天工作实在太忙，所以回来晚了……’开始。,讽刺,另有含义
"一天，在街上的一对情侣，男的正在盯著别的女生看。女生：「你这样看别的女生，我会伤心耶！」男生：「唉！其实不只是妳，我也很伤心......」女生：「怎么会？」男生：「看别人再回头看看妳，唉......」女生：「SHIT！@#$%""&*%$」",讽刺,另有含义
南酋7岁了，还是非常调皮。有一次，母亲一本正经地对她说：南酋，你也该懂事了，再这样调皮下去，将来你的孩子肯定也是个调皮鬼。 南酋得意忘形地高声嚷了起来：好啊，好啊，这回妈妈可是不打自招啦,桥界推论,意想不到的答案
一天，妈妈到幼儿院来接小明回家，发现小明非常不高兴，就问他怎么了。 小民说：小朋友都笑话我，说我头大…… 说着说着就哭了。 妈妈生气的说：谁说的？我们明明的头才不大呢！好了好了，宝宝不哭，妈妈给你买梨吃，好吗？咱们买十斤，你不是最爱吃梨吗？ 小明一听高兴了，就不哭了：好啊好啊，吃梨喽，可是我们没袋子，用什么装呢？ 妈妈想了想说：那就用你的帽子装吧,讽刺,另有含义
有一个军官的学校，教官命令两个军校生去学校做防毒宣导。结果，教官在学期末，就找了各一个成效最好跟最烂的学生。教官问最差的学生：「你是怎么宣导的？」该学生说：「他在黑板上画两个圈圈，一大一小，然后告诉那些学生说：『圈圈比较大的，是吸毒以前的脑袋；比较小的，是吸毒后的脑袋。』」教官又问了成效最好的学生：「你又是怎么宣导的？」该学生说：「我也是画两个圈圈啊，一大一小。然后我告诉他们说：『比较小的圈圈，是进监狱以前的屁眼；比较大的，是出狱后的屁眼。』」,禁忌\秘密揭露,另有含义
英国空军副元帅亚当斯报告说：不列颠之役已近尾声。我被召到战斗机指挥司令部开会。我驾车去，路上有牌示拦阻：「路已封闭─有未爆的炸弹。」我问值勤的警察有无别路可通。他走过来大声对我说：「对不起，你不能过去，炸弹随时会爆炸。」他走到车前，看到了我的制服，便退后几步说：「对不起，长官，我不知道是您。您可以过去，没问题。」,桥界推论,另有含义
彼德一月份的学校成绩退步了。父亲问：「怎么搞的？假期里玩得太开心了吗？」他解释道：「爸，你该知道是怎么回事的，耶诞节后样样东西都减价了。」,类比,另有含义
丈夫在外面包二奶，结果被妻子知道了，妻子非常生气地在丈夫脸上打了一耳光。 妻子说：“一只脚踏两条船是吧？离婚，以后你跟你二奶过吧！” 丈夫说：“我坐船都会晕，怎会脚踏两只船呢？,桥界推论,搞错重点或是误会情节
一士子赴试，艰于构思。诸生随牌俱出。接考者候久，甲 仆问乙仆曰：不知作文一篇，约有多少字？ 乙曰：想来不 过五六百。甲曰：五六百字，难道胸中便没有了，此时还不 出来？乙曰：五六百字虽有在肚里，只是一时凑不起来耳,桥界推论,另有含义
丈夫：“结婚以后，我才知道婚姻是沉重的枷锁！” 妻子：“那当然，所以才要两个人共同承担。” 丈夫试探着问：“你说要是三个人一起承担这些压力的话，你说压力会不会减轻些？,桥界推论,另有含义
一次玩你画我猜，我的题目是喜帖，我就先画了一个方框，接着涂上红色（喜帖都是红的面），上面又写了一个“囍”字，第一个猜的是结婚。 第二个猜的是红包，第三个猜的最牛，“卫生巾”,⽂字游戏,意想不到的答案
一天，小明和他的爸爸去旅游，小明的爸爸说：“咱们明天坐动车去。” 小明说：“我才不去呢。”爸爸问他为什么，小明说：“那我们还不要冻死。,⽂字游戏,搞错重点或是误会情节
唐先生夫妻刚买了轿车就赶上换发新车牌，两人决定用宝贝女儿梦迪的名字命名。上了牌照开回家的一路上，见到的人总是指着车牌窃笑。二人不解，请教一位朋友。 朋友一看车牌，问：你们从来不上网吧？ 原来唐先生女儿名字的英文缩写是：TM,⽂字游戏,另有含义
今天，小王同学打电话到人事部门找他：“小王在么？” 接电话同事说：“小王已不在人事了。” 小王同学：“啊啊！？什么时候的事啊，我怎么不知道啊，还没来得及送他呢？” “ 没关系，你可以去下面找他啊,⽂字游戏,搞错重点或是误会情节
“打劫（大姐）！”随着一句不太标准的普通话， 飞机上沸腾起来。吃饭的、聊天的、睡觉的，都像听见冲锋号一样， 兴奋地望向声音的源头。 一个平头小伙刚举起半杯透明液体，就被众人压在了身下。 半小时后，小伙从昏迷中醒来， 看着眼前一脸严肃的女乘务长， 终于哭着说完了那句话：大姐，加杯水,⽂字游戏,搞错重点或是误会情节
专家叹了口气，说：“我不知道怎样才能让植物快速变绿。” 老婆笑着说：“咳，我还以为什么事呢，要快速变绿还不简单啊？直接扔进股市里去呗，你看我昨天买的股票，今天全变绿了。,讽刺,意想不到的答案
"上次看CCTV的一个节目,什么名字不记得了,就记得开头是个记者在火车站问人:""你幸福吗?"",见人就问,有人说幸福有人说不。 后来问到一个农民..... 记者:""你幸福吗?"" 农民看了记者几眼,无辜的说道 ""俺姓王。",⽂字游戏,搞错重点或是误会情节
一天，二女生正在聊天。其中一个女生突然叫了一声：快看那有个酷哥。 另一女生道：什么酷哥？！只不过剪了个酷头而已! 这时教导主任刚好走过，说了一句：捡了个裤头也要交工,⽂字游戏,搞错重点或是误会情节
有一天，有一位小女生诞生了她爸爸把他取名为李家在后来，她嫁给一个姓胡的男生所以她的名子变成「胡李家在」(用台语念)(ㄏㄛㄌㄧㄍㄚㄗㄞˋ),⽂字游戏,另有含义
法官对被告说：「你怎么能证明你是无罪的呢？」「这得让我好好想一想。」「好吧，给你5年的时间，足够你想了吧！」,桥界推论,另有含义
高考考完后，心知考得不怎么样，就对父亲如实说了考试成绩不理想，父亲无奈的说:“不行的话，就复读吧。” 这时坐在一旁的爷爷生气的说:“考不上就考不上，服什么毒啊？！没出息！！！,⽂字游戏,搞错重点或是误会情节
"问：请问...糖果是公的还是母的？答：母的，因为..糖果放在桌上会""生""蚂蚁",⽂字游戏,另有含义
某天与同学走在路上 我说：“腌制品吃了致癌。” 同学很淡定的说：“那太监一定都有癌，他们被腌了。,⽂字游戏,意想不到的答案
张奎与同学交流学习几何课程经验。 张奎说：“平面几何很容易，立体几何就让人头晕了，解析几何就让人晕死了。” 李玲说：“人生几何，更难学，目前还没有任课老师。,⽂字游戏,意想不到的答案
男：你属什么？女：属羊。你呢？男：属于你。,⽂字游戏,意想不到的答案
"一位年轻的女英文老师跟国小一年级刚入学的小朋友们上英文课，老师要求小朋友们跟著她一起念A.B.C.D.....全班的小朋友们都很认真的跟著老师念，唯独只有小明紧闭著嘴不念，女老师很讶异的问小明：你为什么不跟著念呢？小明回答：老师，我妈妈说""B""是脏话，不可以说老师愣了一下，了解他的意思后马上跟他解释说：小明不是这样的，你妈的""B""跟老师的""B""是不一样的你妈的""B""是脏话，而老师的""B""则是外国人用的…",桥界推论,另有含义
肚子痛的时候先别担心只是肠胃想发言,⽂字游戏,另有含义
在一次胜仗后，曹操骑马训话。 曹操：“兄弟们，我曹某人操练出来的兵怎么样。” 士兵：“曹（操）将军好，曹（操）将军妙，曹（操）将军操的呱呱叫！” 曹操一听，直接落马，气晕过去,⽂字游戏,另有含义
唐僧师徒来到一家餐馆化缘。 掌柜问道：“请问长老要点什么？” 唐僧谦逊地说：“别人吃剩下的即可！” 悟空：“给我来碗剩饭吧。” 沙僧：“给我来碗剩汤。” 八戒：“给我来个剩女吧。,⽂字游戏,意想不到的答案
马伊俐她老公表面上是个演员，实际上是个狠角色，每次报纸上的评论员，电视台的播音员都会这样说：“文章强调、文章指出、文章再次强调、文章最后强调...” 所以说马伊琍真是嫁的好啊...,⽂字游戏,搞错重点或是误会情节
有一天几个当官的和他手下来饭店吃饭，店里有个服务员（女）刚来18岁属狗经验不丰，进了饭店后。 领导说：小姐！茶！ 小姐：1234567（原来他以为叫他查人数，没经验） 领导：倒茶！！ 小姐：7654321 领导：你数啥喃！ 小姐：我属狗（答非所问,⽂字游戏,搞错重点或是误会情节
来福在一家公司工作，因为离家比较远， 又想省点钱，就让他叫妻子给他送饭。 一次妻子送去的时候来福还没下班， 于是妻子在便当旁写了张纸条：大便当饭，小便当菜,⽂字游戏,另有含义
小杜与小豪这天吵了起来…小杜不屑的说：「哼！我要是你妈生你的时候就直接把你掐死算了！」小豪用著极为鄙视的眼光不甘示弱的说：「是吗？我若是你爸你早就被我射在墙壁上了！」小杜：「？？？？」,类比,荒诞或是愚蠢的行径\话语\情况
在一个村里，有一个妇女生了两个孩子，一个叫地球，一个叫屁股。 一天，地球和屁股出去玩，玩着玩着，屁股不见了，妈妈去报警：“我的儿子不见了。” 警察问：“叫什么名？”“叫屁股。” 警察愣了一下，问：“他有多大？”“跟地球一样大。,⽂字游戏,另有含义
牙膏妹常常朝三暮四，一下子跟软毛牙刷哥拍拖，一下子又跟电动牙刷弟谈恋爱。 今天来了个新邻居，牙膏妹：“哇，你好高大你好有型喔~你叫什么名字~我们约会吧~” 新邻居酷酷的说：“不行哦！我是梳子。,转化,意想不到的答案
饭店里，一男子指着菜盘里一条两米多长的豆腐大吼：“你们什么耳朵！老子点的是家常豆腐！” 饭店厨师听到了，纳闷：“难道还不够长？,⽂字游戏,搞错重点或是误会情节
搞活动为凑人数，主办人员打电话向中介要人，中介的负责人电话里问：“男的要吗？” 活动负责人说：“要！” 中介负责人又问：“岁数大的要吗？” 活动负责人有些着急的说：“要、要！” 中介负责人继续问：“有点残疾的也要吗？” 活动负责人有些急了说：“要、要、要，是人都要！” 中介负责人没听清楚有些惊讶地问：“什么！死（是）人都要……,⽂字游戏,搞错重点或是误会情节
今天加班在单位食堂午餐，一人有个鸡腿，我打完饭，端着午餐经过女神的餐桌前，问她：“要鸡腿不？”女神瞟了我一眼：“不要！”于是，我夹走她盘子里的鸡腿，华丽丽滴转身走了，留下女神风中凌乱。,桥界推论,搞错重点或是误会情节
上高中那会学校要求女生第二天穿校服，到学校有活动。第二天天气不好，女生都是带的校服去学校。部分男生没穿什么衣服，觉得冷就穿上女生的校服。数学老师上课是看了说：“男生把女生的衣服都脱下来……” 全班无语接着爆笑10分钟…,⽂字游戏,另有含义
北京新机场因在武清、大兴和廊坊三地交界处，围绕：北京新机场命名，京津冀政府会议讨论产生了分歧：天津想叫武清机场，北京不同意；北京想叫大兴机场，河北不同意；河北想叫廊坊机场，北京和天津都不同意；经过三地政府友好协商，结合中国文化特点，最终三方达成一致意见，新机场命名为：武大廊机场。为安全起见，机场不设西门！,典故改写,另有含义
和朋友吃饭，点菜的时候朋友点了个加长鲫鱼。 二货媳妇突然惊呼。鲫鱼还有加长的？ 好吧，菜单上写的家常鲫鱼。 这谁媳妇啊！！！！！我不认识。,⽂字游戏,荒诞或是愚蠢的行径\话语\情况
古时候人们过年时贴年画，让他的儿子给看着，别贴歪了。他对儿子说：如果左边低，你就说高升，高升；如果右边低，你就说发财，发财，记住了吗？记住了。 这个人贴好年画，站在凳子上问儿子：怎么样？儿子瞅了一下，回答到：爹，既不高升，也不发财,讽刺,另有含义
有个男子准备结束十多年的爱情长跑，当个快乐新郎。吉日定好后，他闲来无事，翻看黄历，赫然发现这日竟是只宜入殓，他只好自嘲说：这真的叫做‘婚姻就是爱情的坟墓’,禁忌\秘密揭露,意想不到的答案
母老鼠怀疑她丈夫有外遇。 一天，她便悄悄地跟随其后。突然，丈夫一头闯进灌木丛中，不久出来一刺猬。母老鼠一把揪住刺猬：“还说没外遇，说！打这么多摩丝去勾引谁？,⽂字游戏,搞错重点或是误会情节
迂公外出喝醉了酒，双眼朦胧，冲冲撞撞地赶着路。当他路过鲁参政住宅大门时，一阵恶心反胃，“哇”地一亏待声吐了一地，腥味难闻，令人掩鼻。 门人见了大怒，喝道：“哪来的酒鬼狂徒，竟敢对着大门吐泻！” 迂公不服气，醉眼乜斜地说：“你昨唬什么？谁叫你家大门对着我的嘴巴开的！” 门人失声笑道：“大门早就这样建的，又不是今天才朝着你嘴巴建造的！” 迂公指着自己的嘴巴，说：“嘿，老子这张嘴巴，也生了好几十年了！,类比,意想不到的答案
妻子买了一把崭新的拖把回家。 对丈夫说：“今天是你的生日，我特地为你挑选了一把最好的拖把，对你在我生日的时候送我那块熨衣板表示感谢。,类比,另有含义
有个从未管过自己孩子的统计学家，在一个星期六下午妻子要外出买东西时，勉强答应照看一下四个年幼好动的孩子。当妻子回家时，他交给妻子一张纸条，上面写着：「擦眼泪11次；系鞋带15次；给每个孩子吹玩具气球各5次；每个气球的平均寿命10秒钟；警告孩子不要横穿马路26次；孩子坚持要穿马路26次；我还要再过这样的星期六0次。」,职业病描述,意想不到的答案
昨天带孩子去公园看动物。见孔雀园里有只公鸡，很诧异，正在想是什么情况，边上一对情侣，女说：“有只鸡，怎么回事？” 男说：“不懂了吧，那是怕孔雀近亲结婚。,无逻辑和矛盾,不懂装懂
校运动会，标枪比赛。 一男同学人高马大，肌肉发达，戴着护膝、护腕，手上擦了石膏粉，一看就是专业水平运动员，从旁边一女生手上拿了标枪，起势、助跑、飙……标枪像离弦的箭一样飞向前方！大家都在拭目以待……突破80米大关！肯定得冠军！ 在旁边的女生突然大声叫道：我又没有惹你！你把我的旗杆扔出去干什么,桥界推论,荒诞或是愚蠢的行径\话语\情况
一日时逢中午饭点，一同事惦记着中午只有米饭，但想吃面条。客户来办理取款业务，临走时，该同事十分体贴地说：请拿好您的面条，欢迎下次再来(应该是请拿好您的现金),无逻辑和矛盾,意外出糗
儿子：爸，您有钱吗? 父亲：我钱包里还有一块钱。 儿子：我把平常攒的一块钱给您吧。 父亲：为什么? 儿子：因为您爱随地吐痰，一块钱不够罚,讽刺,意想不到的答案
杰克，吃鱼肝油了吗？给你的7个便士一定花光了吧？ 不错，妈妈，我用两个便士买了巧克力糖，其余的5个便士我给了乔治，他代我吃了鱼肝油,禁忌\秘密揭露,搞错重点或是误会情节
大妞这天早上一进办公室开电脑，萤幕才开一下子便整个黑掉，就再也没反应了。大妞一脸茫然地问坐她隔壁的阿顺：「阿顺，我的萤幕怎么了？」阿顺虽然知道原因，却半开玩笑地说：「都是因为你今天穿得太漂亮了，电脑一见到你就都没心思工作了呢！」大妞：「……」,无逻辑和矛盾,荒诞或是愚蠢的行径\话语\情况
宋朝大文豪苏氏三父子在外语毕业礼上表现紧张，主考官王安石：「What are your names？」苏轼：「I am So Sick.」王安石想：「不舒服都答得这么快，便给他过关。」苏辙亦答：「I am So Cheap.」王安石又想：「都算你坦白。Pass！」苏洵：「I am Susan.」王安石疑惑道：「究竟你是男或女呀？」,⽂字游戏,意想不到的答案
一个老师正在和一群小学生上课，老师很不高兴 老师狠狠的说：请问，大家有foot吗？ 一个学生说：快跑，老师要拿斧头砍我们,⽂字游戏,搞错重点或是误会情节
一家请客，摆列水果。家主母取甘蔗食之，连声叫淡。厨司曰：娘娘想是梢（同骚）了,⽂字游戏,另有含义
嘉靖年间，有个进士新上任做推官（掌勘问刑狱的官），此公性格极为怪僻、倔犟，他曾经将贾岛诗句中推敲两字读作吹敲。 有人告诉他道：这个‘推’字读作‘颓’。 这个新任推官的进士便发怒道：这么说来，我竟做了颓官（颓唐无用的官）,⽂字游戏,另有含义
小学班级中。 问你们个我自己发明的歇后语。” “说啊，猜出来请喝饮料啊！” “来啊，恐龙向天吼，猜吧！” “恐龙无聊啊，还向天吼啊，它是吃饱了？” “不是。” “失恋了。” “你才失恋了！！！好吧，我要公布答案了，答案是夏（吓）天。” “好冷，还是个夏天啊！,⽂字游戏,意想不到的答案
暑热天气里，有个人还在裹着一条被单睡觉，直睡得大汗淋漓，痛苦不堪。 别人看了都替他难受，就问他大暑天里盖着被单睡觉，这又何苦，这人也很委屈地说：我有什么办法？若盖棉被岂不更热吗,无逻辑和矛盾,荒诞或是愚蠢的行径\话语\情况
一个打铁为生的老人无儿无女，只是收了三个徒弟。 老人家一天天老去，身体也出现了各种病疼，但是三个徒弟谁都不愿去照顾他。有一天，老人家把三个徒弟叫到床前对他们说:“在我百年之前，你们谁孝敬我多一点我就把我最后一个绝招教给谁。” 三个徒弟听完后纷纷对老人家问冷问热杀鸡宰羊，没过多久，老人家感觉自己就要离开人世了，于是把三个徒弟都叫到自己床前对他们说“我快走了，我那最后一个绝招我要给你们说。” 徒弟们都激动地看着老人家那无力的眼神，只听见那老人家说：“铁烧的通红了，你千万别用手拿……,桥界推论,意想不到的答案
有个人第一次在市场上卖冰棒，他不好意思叫卖，突然旁边有一个人正高声喊：「卖冰棒」，他只好喊道：「我也是。」,无逻辑和矛盾,荒诞或是愚蠢的行径\话语\情况
城里小姐第一次参观农场。「天啊！」她指著一头畜牲说：「那头牛为甚么没有角？」农夫一本正经解释道：「牛没有角有许多原因，有的是发生意外折断了，有的是我们锯去的，有的特别种生来不长角...不过，这头牛没有角，只有一个原因：它是一匹马。」,禁忌\秘密揭露,意外出糗
某女士：我丈夫对我爱得发狂。他在睡梦中说了许多非常甜蜜的话。不过有件可笑的事他总叫错我的名字,禁忌\秘密揭露,另有含义
"老公：咱们把家务分分工吧。 老婆：好。首先，脏活累活得男人干吧，如擦地、刷马桶、擦桌子…… 老公：这对。 老婆：男主外，女主内。和外人打交道的得你干吧，买菜、交水费、取报纸和牛奶。 老公：这……行！ 老婆：你是学理工的，我是学文科的，带电的东西得你干吧，像洗衣机、电冰箱、电饭锅、电熨斗…… 老公：行,行，那你干什么？ 老婆：别着急啊，厨房里油烟那么大，可毁皮肤了，做饭也得你干吧。 老公：你就告诉我你干什么吧。 老婆：我也有很多要干的呀。我可以陪着你、监督你、赞美你、安慰你…… 老公: …",类比,另有含义
送女朋友回家。她家门口停了一辆婚车，车上有很多气球。 女友说想要气球，当时周围没有人，我凑过去拿了一个下来。 她说不够，还想要。我又过去拿。这次想着多拿几个，免得又说不够。 开始拿第三个的时候，车门开了，车里的哥们说：“兄弟，再一再二不再三啊。给我留点，明天还得接亲！,禁忌\秘密揭露,不懂装懂
和朋友喝完酒在海边散步，都喝开心了，气氛高涨。 一哥们掏出他昨天花一百多买的强光小手电， 炫耀一番以后说：“我....我认为它防水，绝对防水，你们信不？我现在就扔海里，要是它入水后能亮，就算我赢，要是遇水瞎了，我认了！！！” 然后那手电唰一声就被他扔出去了...欢快入水...... 众人愣了三秒，继而这货老婆开口大骂：败家玩意儿，你要扔也打开再扔啊,无逻辑和矛盾,荒诞或是愚蠢的行径\话语\情况
早上被飞车党抢了，抢就算了，为什么抢的是煎饼果子？为什么还是骑的自行车？为什么骑车的还是个少妇？ 更可恨的是下手的还是个六七岁的小屁孩… 我实在无法想象，他妈发现他手里多了个煎饼果子后会作何感想,桥界推论,荒诞或是愚蠢的行径\话语\情况
一个县官根本不识字。每逢购买物品，都靠图画记帐，买一匹马便画一匹马；买一只碗便画一只碗。有一次，他的上司前来视察，县官却不在家。上司打开那个购物簿翻阅一下，觉得这种记帐法很可笑，便随手用红笔抹掉。 县官归来看到帐簿，恼怒他说：为什么上司衙门买了红蜡烛，也记在我的帐上,无逻辑和矛盾,荒诞或是愚蠢的行径\话语\情况
一次坐公交，一位漂亮MM上了车，掏出了卡来刷卡，只听刷卡机回复：滴~老人卡~！ 全车人冻住，皆而望她。 她一脸黑线说：看什么，天山童老，没见过啊？ 一大爷起身，说：来，大娘，您坐这儿,桥界推论,意想不到的答案
走在人行道上，突然一辆车像失控了一样向我开过来，我一看开车的是个女司机，急中生智大喊一声：“朝我身上撞！”惊慌失措的女司机点了点头，撞到了电线杆上。,讽刺,另有含义
有一个女人长的很抱歉，长的丑就算了还超没有口德的。一次，被安排要相亲，但是男主角迟迟未出现，这女人就等的不怎么耐烦。就开始破口大骂：「哇哩勒，竟然敢让你老娘等这么久..&%$&^$%#@！$！%」批哩啪啦的骂了一串，此时，男主角出现…是个胖子。这女人看了更是火，于是又是批哩啪啦的骂了一串，指著男主角骂著死胖子。男主角终于发飙了，拍了桌子…大声的说：「骂我胖…至少我曾经瘦过，你美过吗？」,羞辱,意想不到的答案
妻：「老板，一瓶米酒，给我老公的。」老板：「一瓶就够吗？你老公的酒量是有名的喔。」妻：「用喝可能不够，不过用砸的一瓶应该够了。」,禁忌\秘密揭露,意想不到的答案
在女友寝室里玩一女孩的手机（其实是偷看里面她火辣的自拍照）。 看着看着，忽然发现她通讯簿里有一个叫“淫魔”的人，于是问mm：哎，‘淫魔’是谁啊？ mm（很紧张）：不是谁～把手机还我啦！ 我：不说？那我打给他喽～（拨出去了） mm：快还我啦！！ 于是我的手机就响了…,羞辱,意外出糗
甲：“坐在前排那个丑八怪是谁呀？” 乙：“那是我哥哥呀。” 甲：“啊，真对不起，我没注意到你们是那么相像。,讽刺,另有含义
以自杀闻名的大楼电梯里，贴了一个告示：「如果你要跳楼──如果你要痛快一点，请按9楼如果你还想喘口气，请按8楼如果你还挣扎的话，请按7楼如果你还想留遗言，请按6楼如果你只是想残废，请按5楼如果你只是想住院，请按4楼如果你纯粹想吓人，请按3楼如果你只是兴趣的，请按2楼」,禁忌\秘密揭露,意想不到的答案
妻子：明天我生日，你送什么给我？ 丈夫：一条镶满钻石的项链。 妻子：真的？亲爱的，我不是在做梦吧？ 丈夫：是的，亲爱的，你就是在做梦,禁忌\秘密揭露,意想不到的答案
苏亚雷斯将军非常关心战士的生活。一天他跑到厨房，想亲自尝一下战士吃的饭菜。 他走近汤锅前说：给我一勺。 一个士官小心翼翼地说：但是，将军…… 闭嘴！他打断了那个士官的话，抄起勺子，一连喝了好几勺。最后他叫道：这是什么汤，简直是刷锅水！大家都愣在那儿，不知所措。 最后那个士官嗫嚅着说：对，将军，这就是刷锅水,禁忌\秘密揭露,意外出糗
一个美丽的姑娘向一位老翁求婚。 老翁：我俩年龄相差这么大，合适吗？ 姑娘：《婚姻法》没有规定年龄的差别。 老翁：那规定了什么？ 姑娘：妻子有继承丈夫遗产的权利,禁忌\秘密揭露,意想不到的答案
施莱艾尔马赫（1768--1834年），德国哲学家和神学家，他的神职工作做得尤其出色。有人称颂他和他的布道具有少有的广泛性，他的教义宣讲能吸引社会各个阶层的广大听众，不仅有大学生，还有妇女和各级官员。对此，施莱艾尔马赫解释说：我的听众确实由学生、妇女和官员组成，学生们来是为了听我讲道，女人们来是为了看学生，而官员们来则是为了看女人,讽刺,意想不到的答案
有一位大学老师给同学们上论理课，他同学们说：你们是大学生了，说话一定要婉转，比如说你看到一位女生的屁股上有一根草，你要对她说草在她的肩上，这样她顺着肩往下看自然就看见屁股上的草了。 正在这时有一位女生站起来对他说：老师你领带上的拉链开了,禁忌\秘密揭露,意外出糗
一农夫带着老婆和三个孩子进城去。在公路上拦了辆的士。 问司机：到城里要多少钱。 司机说：大人每人一百，小孩子免费。 农夫冲着他的道：孩子们你们坐的士去吧，我和你妈坐公交车来,无逻辑和矛盾,荒诞或是愚蠢的行径\话语\情况
老师带小学生们到动物园游玩，乘机告诉小学生们要爱护动物，并问他们以前是否做过爱护动物的事。 一个小学生很快地回答：“我曾经踢过一个小孩，因为他踢了他的狗。,桥界推论,意想不到的答案
奶奶，你会死吗？ 当然要死的。 要把你埋在地里么？ 是的！ 哈，那时我们可以随便玩你的缝纫机了吧,桥界推论,意想不到的答案
幼儿园门口见两个小孩子聊天， 小女孩问小男孩：“有什么是你不会的吗？” 小男孩羞涩地说：“我不会离开你。” 「那你有什么不会的吗？」小男孩充满期待地问。 小女孩腼腆地笑了笑，说，「我不会喜欢你。,⽂字游戏,意想不到的答案
姊姊有三个孩子。有天晚上，她和最小的女儿一起看电视。电视上正播映家庭计划的宣传短片，一再强调：「两个孩子恰恰好！」姊姊偷偷地看了看坐在旁边的老么，担心这句话可能伤害她的感情。小女儿突然问她的妈妈：「妈妈，我们家哪一个是多余的，大哥还是二哥？」,桥界推论,意想不到的答案
老师，您说地球每时每刻都在转动，我一点感觉都没有。可我爸爸说，他有时候能感觉到。 哦？你爸爸是怎么感觉的？ 每当他酒喝多了的时候,禁忌\秘密揭露,意想不到的答案
有一天，小珍和邻居的小孩们在一起玩，忽然跌伤了右腿，鲜血淋漓的跑回家！妈妈：「哎呀！怎么啦？」小珍：「跌伤右腿！」妈妈：「痛不痛啊？」小珍：「好痛！」妈妈：「唷！孩子！当你跌倒的时候，你有没有哭？」小珍：「没有哭！」停了一停，又说：「妈妈不在那儿，我哭给谁听呢？」,禁忌\秘密揭露,意想不到的答案
在教完《卖火柴的小女孩》一文后，老师给同学们布置了一篇作文：请你代卖火柴的小女孩给她的妈妈写一封信。 几天以后，大部分同学都交上了自己的作文，只有李龙没交。老师问他为什么，他说：卖火柴的小女孩没钱寄信,禁忌\秘密揭露,意想不到的答案
老师问一位一年级学生：有一种动物有两只脚，每天早上太阳公公出来时，它都会叫你起床，而且叫到你起床为止，是哪种动物呀？ 是妈妈,禁忌\秘密揭露,意想不到的答案
一只皮球破窗而入，进了穆勒太太的厨房。不久，一个小孩按门铃说：爸爸一会儿就来给您装新玻璃。 果然不错，一个男人走上台阶。穆勒太太把皮球还给了那孩子，孩子走了。 那人把玻璃换好了，说：10块钱。 什么？你不是他的爸爸？穆勒太太问。 怎么？你不是他的妈妈,其他,搞错重点或是误会情节
教授在课堂上提问：“‘不自由，宁为死’这句话是谁说的？” 教室里一片寂静，隔了一会儿，才有人用熟练的日语答道 ： “1777年，巴特利·亨利说的。” “对，同学们，刚才回答问题的是日本学生，你们生长在美国的回答不出来 而来自日本的学生却能回答，多可怜啊 ！” “把日本人干掉！”教室后面有人说。 “谁，这是谁说的？”教授忙问。 “1945年，杜鲁门总统说的。,桥界推论,另有含义
某地要建一个游泳池，媒体们纷纷动员大家捐款。 女记者对一位老大爷说到：“大爷，您打算捐多少？” 老大爷斩钉截铁地说：“我捐两桶水吧！,无逻辑和矛盾,搞错重点或是误会情节
昨晚阿明和老婆看电视，突然手机响了一下，一看是有人发LINE，正准备打开看，没想到被老婆一把抢了过去，打开一看，是公司秘书(女的)发的：「赵总，我怀孕了。」老婆一下就爆炸了！阿明还没来得及说话，老婆一巴掌就上来了，紧接著开口就骂，过程太惨烈，不赘述。约过了一分钟，秘书又发来一条：「明天和我男朋友去见父母，不好意思想请假，还烦望批准…」,禁忌\秘密揭露,搞错重点或是误会情节
教师对王振华道：你手太脏了，像什么样子？倘使我手上如此，到学校里来，你见了，以为怎样？ 王振华道：我深知礼节，决不敢评论他人,讽刺,另有含义
接一个电话说是我领导，要我打5万块钱救急。我说，马上打钱！睡一觉后，又来电话了，问怎么还没打钱。我说急着出来，忘带钱了，只带了两张卡，有钱的那张消磁了，另一张卡没钱。重新办卡要五百块钱，你给我先打五百块重办卡行不？他听了沉默很久，最后说，咱同行何必为难同行啊。,禁忌\秘密揭露,意想不到的答案
一天，大卫做完魔术show出来，被一人拦途截劫。贼人拿出手枪指著大卫要他将钱拿出来，大卫魔眼一闪，将其手枪变走，贼人再从袋中拿出小刀，大卫也将它变走，贼人心有不甘，正想掏衣袋之时，大卫说：「你再拿甚么出来我都会将它变走。」但贼人岂会罢休，再拿出剪刀指吓，可惜大卫魔术高超，眨眼间剪刀也消失了。贼人见势色不对，急忙逃走.....贼人边跑边说：「今天真倒霉，碰著个臭魔术师，连讨饭工具都给变走了，小个便再算.....疑！？疑！！！？？？」,桥界推论,另有含义
一个美国旅行者于南部一州的街道上和一个上了年纪的黑人闲谈。「你以前曾经是奴隶吗？」他询问著说。「是的，先生。」黑人回答。「然而，你在战后获得自由了。」绅士继续说。但是这老年黑人很悲伤地摇头说：「不，先生。」他沉重地说：「并不尽然，先生，我并没有获得充分的自由，因为在战后——我结婚了！」,桥界推论,另有含义
男子算命，算命先生说：「你是两个孩子的爸爸。」男子生气的说：「你就是个骗钱的，我明明是三个孩子的爸爸。」算命先生微微一笑：「你确定？」,桥界推论,另有含义
有一架飞机快要坠毁，但是飞机上的降落伞少了一个。于是飞机上的人都抢着跳伞，跳到最后只剩下三个人，一个逃犯，一位老教授，还有一名学生。那个逃犯说我还有很多事没做，我不能死，于是他背个包就跳下去了。 那个教授就对那个学生说：你还年轻还有一个降落伞你跳下去吧。学生说没关系的，现在还有两个降落伞，因为刚才哪个家伙背的是我的旅行包,禁忌\秘密揭露,意想不到的答案
有一位拳击手在第二回合挨了一击之后，头昏眼花。「在第一回合我确实把那家伙吓坏了，」他沾沾自喜道：「他怕他会把我打死。」,桥界推论,意想不到的答案
LZ小文书一枚，今天看见一新CASE的材料，学生居然叫：吴所谓。当时就在想这孩子爹妈取名字也太随意点了吧，结果往上一扫他爹的名字：吴辽。得，我错了，不怪孩子他爹，名儿应该是爷爷起的！,⽂字游戏,意想不到的答案
动物园的管理员站在张开血盆大嘴的鳄鱼前面，一个劲地往他嘴里看。过路的游客问：「鳄鱼怎么了？」管理员道：「还不清楚。医生到他嘴里去了后，已有半小时没有出来了。」,桥界推论,另有含义
丈夫：为什么你妈妈每年过生日，咱俩都要给她四百元钱呢？ 妻子：那是应该的，我妈把她的“千金”给了你，这四百元是每年的利息。 丈夫：那我妈也把我这个“二百五”给了你呢，每年你多少也应该给点利息吧？? 妻子：你搞错了，我们家是存款方，而你们家是贷款方,⽂字游戏,另有含义
某军首长发表处理好官兵关系的讲话，稿子乃由秘书写成。在一页纸快念完时，首长曰：军官要爱护士。 场下一片大哗。首长亦觉奇怪，遂翻下页，大声补充曰：这里还有一个兵,⽂字游戏,意想不到的答案
一个人打电话给出租汽车公司，抱怨说他预约的到金斯福特机场的车还没来。接电话的小姐说：真对不起，先生！不过你也不必过于担心，因为飞机总是误点的！ 你说得对，小姐。打电话的人说，我就是这一班飞机的正驾驶员,类比,意想不到的答案
餐后，一位顾客把饭店老板叫过来。 先生，祝贺您，您这儿的厨房很讲卫生啊！ 多谢，先生我尽力而为。但是，我请教，您不曾参观过我的厨房，怎么好夸这里很卫生呢？ 噢，很简单。我刚在这儿吃的一切都有肥皂味,禁忌\秘密揭露,另有含义
助手跑进院长办公室激动地说：“院长！简直是疯人院里的奇迹！保罗居然救了同病房的吉米一命！” “噢？怎么回事儿？”院长问道。 “刚才吉米想在浴盆里淹死自己，是保罗硬把他拖出来的。”助手解释道。 院长很高兴：“看来保罗已经恢复正常了，快带他来见我！” 不一会儿，保罗来到院长办公室。 “保罗，从你的表现来看，你已经完全恢复正常了，你做了一件非常英雄的事情，明天你就可以出院了。”院长语重心长地说道。 这时，助手又慌慌张张地跑进办公室：“不好了，吉米又在卫生间上吊了！” “这个自杀狂！”院长嘟哝道。 “他没上吊，我只是想把他晾干。”保罗插嘴说道,禁忌\秘密揭露,荒诞或是愚蠢的行径\话语\情况
三个南部的牧师在一家小餐馆里吃午饭。其中的一个说道：「你们知道吗？自从夏天来临，我的教堂的阁楼和顶楼就被蝙蝠骚扰，我用尽了一切办法一噪音、喷雾、猫一似乎什么都不能把牠们赶走。」另外一位说：「是啊，我也是。在我的钟楼和阁楼也有好几百只，我曾经请人把整个地方用烟熏消毒一遍，也赶不走。」第三个牧师说：「我为我那里的所有蝙蝠洗礼，让牠们成为教会的一员.........从此啊！连一只也没有再回来过。」,转化,意想不到的答案
话说有天下午上课，雷电交加，风大雨急的，天气恶劣，逃课的同学不在少数。 老师进到教室慢悠悠说道：今天这样糟糕的天气，还有那么多同学来听我的课，不胜感激……无以为报，点个名吧,讽刺,另有含义
一天，豆豆去他表弟家做客，他最不愿意听表弟弹琴了，等表弟弹完一支曲子问豆豆：我弹得怎么样？ 豆豆回答说：我觉得你应该上电视。 表弟高兴地说：你的意思是说我弹得很不错了！ 不，豆豆说：你要是上了电视，我就可以把它关掉了,讽刺,另有含义
两个七、八岁的小兄弟决定凑钱买玩具。七凑八凑之下凑了一百块钱。弟弟问道：「一百块钱可以买什么呢？」哥哥回答：「我想，我们去买卫生棉好了！」弟弟又问：「卫生棉有什么好玩的？」哥哥回答：「卫生棉可好玩了，你没看电视上说，有了它！就可以爬山、滑水、打球、溜冰，自由快乐没烦恼——」,桥界推论,搞错重点或是误会情节
一日，历史老师正在上课，正好提到拿破仑。看到台下每天打瞌睡的学生，老师不由得感慨地说：「各位同学，拿破仑一天只睡三个小时，你们从这里得到什么启示呢？」小强答：「睡眠不足会长不高。」,禁忌\秘密揭露,意想不到的答案
刚从门口进来（门是感应的那种），一正太哭得很伤心。 我问：“小朋友，哭什么呀？” “妈妈说那门看到人会、会……自动打开，可是我来了它不来，呜呜，我不是人！” 然后他爸爸急了说：“门没眼睛的，你妈妈乱说” 正太哭得更起劲了“没眼睛都知道我不是人！” 四周爆笑啊！,⽂字游戏,意想不到的答案
小明：「爸，我问你，如果我考一百分你会怎样？」爸爸：「当然是高兴死了阿」小明：「(含情脉脉)爸我不会让你死的。」爸爸：「……」,桥界推论,另有含义
亚珍去参观电脑展，当行到世界知名大厂3M的摊位前，突然听到两个中学生的对话。甲：「这一家一定是骗人的。」乙：「你怎么知道呢？」甲：「磁碟的容量明明只有1.2M或1.44M两种，何来3M呢？」亚玲刚想开口说话，隔邻又有个小朋友说：「爸爸，真的有三米长的磁碟吗？」,⽂字游戏,搞错重点或是误会情节
一日欲开车带三岁的侄儿出去玩，不料他渴望的眼神驻留于一瓶还未扔掉的矿泉水上。 我忙说：“这水不能喝，已经过期了。”他不解地望着我。 我解释：“这过期的水，就是水放太久了，里面就长虫子了。你喝了这水会肚子痛的哦。” 他歪着头想了想，“那过六的水呢？,⽂字游戏,搞错重点或是误会情节
夏天的时候，同学们都喜欢到河边玩水，一群人玩得不亦乐乎，只有一位女同学小美一脸无奈的坐在河边看著河水，他的同学阿德跑来问他，以下是他们的对话...阿德：「小美，怎么不跟我们一起玩呢？」小美指著河水一脸无辜的说：「你看！好危险！」阿德：「水并不会很深，很安全的。」小美：「不是啦！你看水面有蝌蚪...」阿德笑著说：「现在是夏天，水面当然会有蝌蚪，放心蝌蚪不会咬你的。」小美很紧张地说：「不行！危险，蝌蚪很危险...」阿德问：「蝌蚪很危险？为什么？」小美低下头小声的说：「课本有教...会怀孕」阿德闻言昏倒。,无逻辑和矛盾,搞错重点或是误会情节
题目：况且小朋友：一辆火车经过，况且况且况且况且．．．．．老师：……………,⽂字游戏,搞错重点或是误会情节
某日小明到KTV唱歌，点了一首游鸿明的梦婆汤， 等了好久都不出来，于是小明便按服务铃。 新来的服务生一进来，很有礼貌：“先生有什么需要为您服务？” 小明：“我点的梦婆汤都怎么还没来？” 服务生：“好，先生我帮你去操作间催一下！,⽂字游戏,另有含义
我有一张公交公司员工的免费卡，把卡往车上的读卡器上一照，显示的是卡号。我的免费卡号是86262。那天，我上了公交车，后面跟上来两个学生。我把免费卡往车上的读卡器上照，就听见一名学生大叫：“8万多块钱呢，什么时候才能坐完呀！” 另一名学生用手捅了一下说话的学生，并附在其耳边轻声说：“小声点儿，能够充8万多元挤公交车的人，脑子肯定有毛病！,讽刺,搞错重点或是误会情节
小成坐在小车上，一乞丐前来要钱，小成给他一支烟，乞丐不要，小成给他一瓶酒，乞丐不要，小成说我带你去打牌，乞丐不要，小成说我带你去按摩，乞丐又不要，乞丐说我要钱，小成说，走，上车，我带你去我家，让我老婆看看，一个不抽烟，不喝酒，不赌博，不按摩的男人混成啥样,讽刺,意想不到的答案
一个人上厕所，隔壁厕所里已有一位女子，她偶然丢了手纸，很为难，只好说：「谁能给我手纸用，我情愿嫁给他。」这边这位男子听到了，便把自己的纸从墙壁缝里塞过去，给了女子。女子接了纸用过后扬长而去。这边的男子叹道：「亲事虽然定下了，可这一屁股债，却怎么用得干净？」,⽂字游戏,意想不到的答案
小胖和他哥去吃自助烤肉， 吃一半的时候，他哥看着小胖幽幽的说一句：“都20了阿…… ” 小胖当时也感慨：“可不是咋的 我还老能想起来我小时候的事呢。” 他哥说：“我是说，你都吃20盘了啊！,禁忌\秘密揭露,搞错重点或是误会情节
我丈夫在国外出差期间，我们四岁的女儿想要一个小弟弟。「是个好主意，」我对她说，「但是，你不认为应该等到你爸爸回来吗？」她的想法更酷。「为什么我们不能给他一个惊喜呢？」,无逻辑和矛盾,意想不到的答案
本人每天都要喝一瓶牛奶，所以每隔一段时间都要去超市买一箱牛奶的。 有一次牛奶喝完了，就到超市去买，刚好碰到一个我同学，女的，她看到我，就和我打了一声招呼：买东西？ 我想也没想就回答：断奶了,禁忌\秘密揭露,另有含义
“主持人你好，我正挤在1路公交车上，我想给前面靠窗的那位姑娘点一首歌，就是张学友的那首，你知道的，对对对，1路上有你，挤一点也愿意。,典故改写,其他
一女无故而腹中受孕，父母严诘其故，女曰：“并无外遇，止有某日偶遇某人对面而来，嘴上撞了一下，遂尔成胎。此外别无他事。”父沉吟良久，忽悟曰：“嗄，我晓得了，这人的卵袋，竟穿在嘴上的。,无逻辑和矛盾,搞错重点或是误会情节
老公：我刚刚逛街，看见四款包，不知道妳喜欢哪一个，所以我全买了！老婆：哇～（开心）快拿来我看看！（期待）老公：豆沙包、肉包、菜包、割包…..,⽂字游戏,意想不到的答案
有一个人，三十几岁了依然事业无成，工作也找不到，事业也做不成，都一直赚不到钱。于是，去找算命师算个命看看。「你啊，将会一直穷困僚倒，直到四十岁。」那个人听了，眼睛为之一亮，心想有转机了，马上问说：「然后呢？」「然后喔………」算命师看了一下他的命盘接著说：「然后你就习惯了。」,禁忌\秘密揭露,意想不到的答案
父亲训斥儿子：「爱迪生像你这么大时，已经成为一个发明家了。」儿子立刻回敬：「林肯像你这么大时，早已当上美国总统了。」,讽刺,另有含义
妻子站在秤上高兴地对丈夫说：「亲爱的，快来看我体重少了两公斤。」「亲爱的，那是因为妳还没有化妆。」,夸张,意想不到的答案
老师：你文章文字错一大堆，我要告诉你爸爸！学生：万万不可啊，他会生气的。老师：这是我的责任！学生：其实......这文章是我爸爸写的！,禁忌\秘密揭露,意想不到的答案
有一个养猪人喂猪吃剩饭剩菜，一天环保局的人来了问他：「给猪吃什么？」养猪人说；「剩饭菜ㄚ。」结果他被开了「虐待动物」罚单。之后养猪人就喂猪吃山珍海味，又有一个环保局的人来了，看到猪吃美食，就大骂养猪人：「非洲闹肌荒，居然给猪吃这么好」，又被开「浪费食物」罚单。最后养猪人想了一个办法，又一个环保局的人来了问：「猪吃什么？」养猪人说：「吃这也不是，吃那也不是，我就给牠500元让牠自己去吃ㄚ」,无逻辑和矛盾,意想不到的答案
"有位奶奶发Line给乖孙子：「你惨了啦，赶快去躲起来，你的老师因为你翘课，现在来我们家找你了！」乖孙回传：「奶奶，要赶快躲起来的是妳！因为我今天打电话向老师请假，说奶奶过逝了，所以今天不去上学！」结果奶奶已经跟老师开了门，老师很惊讶的说：「您老...........」奶奶也很惊讶的跟老师说：「你怎么看得到我，今天头七，我回来看看，不好意思，让老师您受惊了！」老师口吐白沫，顿时晕倒。
",无逻辑和矛盾,荒诞或是愚蠢的行径\话语\情况
3岁的儿子小韬最爱凑热闹，哪儿人多就往哪走。妈妈实在拉不住，气愤地对他说：“你就是爱凑热闹！” 小韬马上回答：“我才不爱臭热闹呢，我爱香热闹！,⽂字游戏,搞错重点或是误会情节
一应届生应聘，老板问他：“你想要什么工作环境？” 他答：“月薪10万元，包住，每年公费出国30天。” 老板：“我给你月薪20万元，送你一栋房子，每年公费出国60天。” 他惊讶地说：“这么好！该不会是跟我开玩笑吧？” 老板：“是你先跟我开玩笑的。,禁忌\秘密揭露,意想不到的答案
小胖做大扫除时偷吃红豆冰，被老师发现了。 老师不高兴地对小胖说：“是不是太闲了？” 小胖回答：“老师，不闲，是甜的！,⽂字游戏,搞错重点或是误会情节
"有位诗人感叹地说：「诗人为什么不像小说家、散文家一样称『家』呢？」旁边一人解释道：「诗人很浪漫，要到处去寻找灵感，不能被『家』拖累。」「不对！」诗人有些无奈地说：「因为一首诗卖不到几个钱，我们才没能力成『家』！」
",禁忌\秘密揭露,意想不到的答案
"今天，二蛋子上歌厅，点名某小姐陪，小姐要三百他给一千，小姐觉得遇到贵人； 次晚二蛋子又点该小姐，小姐更卖劲，又得一千； 第三晚再点，小姐说；“从没遇过你这样的好人,你是哪里的？” 二蛋子说：“X省X县。” 小姐欢呼：“咱是同乡耶！你出来做啥？” 二蛋子说：“出差，你妈托我捎三千块钱给你！
",桥界推论,意想不到的答案
妈妈：“孩子，你要和爷爷、奶奶、爸爸和我一起去野餐，给每人一瓶饮料。那么，一共要带几瓶可乐呢？” 儿子想了一下回答说：“4瓶。” 妈妈纠正他说：“错了，应该是5瓶。” 儿子说：“是4瓶，我要带一瓶啤酒。,桥界推论,意想不到的答案
问：有秃头的人适合看什么片？答：鬼片，因为会让他们头皮发毛,桥界推论,另有含义
"儿子问：“爸爸，我到底是从哪里来的？” 爸爸支支吾吾地向他讲解生殖的过程。 儿子听完，一头雾水地说：“怎么会这样？我同桌说他是从山东来的！
",桥界推论,搞错重点或是误会情节
小文的爸爸很吝啬，但是为了小文，对小文说：只要你考试有一科及格我就给你买电脑。 一天，小文高兴的跑回家对爸爸说：爸爸，我的考试成绩出了，你上次不是说我只要考试有一科及格你就给我买电脑吗。 小文说到这里时，爸爸心想：惨了，要大出血。 小文大声笑着说：告诉你一个好消息，你可以省省了,桥界推论,另有含义
妈妈在家敷着面膜时，同事小刘在楼下喊妈妈。女儿连忙把头伸出窗外，对小刘大声道：“阿姨，再等一会儿，我妈现在没脸见人！,⽂字游戏,另有含义
"有一天有只美丽的天鹅在外面散步，可是突然下了超大雨。于是牠就刚刚好看到旁边有个山洞，牠就跑进去躲雨了！但牠出来变成什么了？答案是：过洞鹅(过动儿)
",⽂字游戏,另有含义
"有一次，我在森林中遇到一个骑马的妇女，我停下来让路，可她也停下来，目不转睛地盯着我的面孔看，她说：‘我现在才相信你是我见过的最丑的人了。’ 我说：‘你大概讲对了，但是我又有什么办法呢？’ 她说：‘当然你已生就这副丑相是没有办法改变的，但你还是可以呆在家里不要出来嘛！
",羞辱,意想不到的答案
教授：「一个傻瓜提的问题，十个聪明人也回答不了。」大学生：「难怪我考试总不及格。」,桥界推论,另有含义
一天，小华回家，高兴的对妈妈说：「妈！老师在成绩单上写说我品学兼优！」妈妈正高兴，小华又接著说：「不过好奇怪唷！优没有人字旁耶！,桥界推论,搞错重点或是误会情节
"一位潜能开发培训班的讲师声音洪亮地讲道：「一个当他错了就认错的人，是一个勇敢的聪明人；但是，一个当他对了还认错的人就是.........」「就是结了婚的人！」一位男学员打断了讲师的话。
",禁忌\秘密揭露,意想不到的答案
"朋友单位有个高富帅在实习，单位有个姑娘一直追他。 某天，单位食堂吃饭，姑娘再次找对方表达爱意。 只见高富帅忽然搂住了旁边一个男人对着姑娘喊：“为了你，我都喜欢男人了，你还要我怎么样？！
",桥界推论,另有含义
"小美问妈妈：「你为什么会嫁给爸爸？」妈妈说：「因为我的眼睛瞎了。」小美又问爸爸：「我们家为什么这么穷？」爸爸说：「因为钱都拿去治你妈的眼睛了。」
",桥界推论,意想不到的答案
夏天活捉到蚊子该怎么办呢？1、当然要抚养他 2、送他上学 3、给他买房子 4、帮他娶媳妇 5、给他看孩子，不然你还能怎么办呢？ 毕竟它身上流的是你的血,桥界推论,意想不到的答案
"一位学监作例行巡视，来到一所农村学校。在仔细询问之后，他站起身来，环顾四周，说：“我是多么想成为一个小孩子，重新上学啊！” 停了片刻，为了加深印象，他又补充说道：“你们知道为什么我想这样做吗？” 沉默了片刻之后，一个小女孩举手回答：“因为您忘记了您过去所知道的一切。
",禁忌\秘密揭露,意外出糗
路边等人，一美女骑着电动车由于车速过快撞到了环卫阿姨，还骂人家眼瞎。结果震惊的一幕发生了，阿姨一把就把美女衣服撕烂了内衣也掉了下来，瞬间露出了两个大白兔，美女想打那阿姨，可是手又要捂住那个，又急又气。然后传来一阵阵高喊声：打她打她打她…,桥界推论,另有含义
"妻子：生活中女人需要男人，男人也需要女人。 丈夫：男人为什么需要女人呢？ 妻子：如果世界上没有女人，谁来给你们的裤子钉钮扣呢？ 丈夫：如果这个世界上没有女人，那么谁还需要裤子呢
",桥界推论,另有含义
"问：请问...糖果是公的还是母的？答：母的，因为..糖果放在桌上会""生""蚂蚁
",⽂字游戏,另有含义
"妻子：「如果我穿著比基尼泳衣出去的话，大家会有什么反应呢？」丈夫：「别人会以为我是看上妳的钱才和你结婚的。」
",讽刺,另有含义
"早上老板安排我统计客户订货金额，用word做成表格。 几个营销的同事围在我身后看客户的订货金额。 因为对word做表格不熟，有一个表格半天没弄好。 这时身后一个声音说：“看来你的word也不行啊。” 听到这话我也很愤恨的说：“哼！都是老板用不惯excel非要我用word做给他。” 转过头一看说话这人是老板！！！
",职业病描述,意外出糗
"在情人节的前两天，有一个男人，提著一大袋的卡片到了邮局准备要寄……！邮差看了一下袋子里的信，发现上面都是一颗一颗的爱心，而且，都喷著香香的香水。邮差不禁好奇，就问了寄信的男人：「总共有几封啊？」男人：「大概有五百多封吧！」邮差：「哇！这么多啊！都是你的女朋友吗？」男人：「不！这都是附近的街坊邻居啦！」邮差：「那里面都写些什么啊？」男人：「写一些很肉麻的话啦，挑逗意味十足的词啦！最后再署名『爱你的甜心』啰！」邮差：「那我就搞不懂啦！这些人也不是你的女朋友，你寄给他们干嘛？」男人低声地说道：「我......是附近唯一在办离婚官司的律师啦！」
",桥界推论,另有含义
"一个先走进火车车厢的人坐了个座位，又把手提箱放在身旁占了个座位。跟在他后面上车的另一个人，见那个座位空着，便客气地问：先生，这是你的皮箱子吗？ 啊，不，那是我朋友的。先上车的那个人说，瞧她在月台上跟人说话哩。 不一会，火车开了。后上车的那位乘客一把提起那只箱子扔出窗外。然后坐了下来。 你，你，你这是干什么？先上车的那个急得大叫起来。 噢，你朋友掉车了，后上车的那位乘客笑着说，可不能再让她把箱子也丢了
",桥界推论,意想不到的答案
"长大后，虎哥向心仪的虎MM求婚。 虎MM问：“你有房子吗？没房子免谈！” 虎哥说：“有啊，我的房子环境非常优美，而且我在家还有专人伺候呢！” 虎MM听了非常欢喜，问：“你的房子在哪个小区？” 虎哥说：“在动物园猛兽区。
",桥界推论,意想不到的答案
"某男一日闲来无事，去公园找乐子，遇见一算命先生，遂上前问卦。 算命先生盯着某男良久，道：“你是两个孩子的父亲。” 某男轻蔑的伸出三个指头“那是你以为，我是三个孩子的父亲！” 算命先生停顿半刻，轻蔑地说道“那只是你以为！
",桥界推论,另有含义
"疼老婆的最高境界就是：家里的事，她说了算，我说算了。
",⽂字游戏,另有含义
"学期结束儿子把成绩单交给父亲,父亲看了勃然大怒,往儿子脸上就是一耳光骂道：你在学校里为什么一天到晚打架?!儿子委屈地说：我没有啊!父亲听了，又是一巴掌说：你还嘴硬，成绩单上导师的评语明明写著"" 经常和同学打成一片""难道是老师冤枉你吗?
",⽂字游戏,搞错重点或是误会情节
"经纪人对剧作家说：“有好消息也有坏消息，你要先听哪一个？” 剧作家说：“先讲好消息吧。” 经纪人：“小黑很喜欢你的剧本，而且紧咬不放。” 剧作家说：“好极了，那坏消息呢？” 经纪人：“小黑是我家的那条狗。
",禁忌\秘密揭露,另有含义
"我认识一个演员，他在戏没有演出之前，就到台前来向观念鞠躬谢幕。 他为什么这样做呢？ 以免戏演完了再去谢幕，台下就没有观众了
",禁忌\秘密揭露,另有含义
去买水果，店主问还要点什么我：看草莓挺好，多少钱一斤？店主：15一斤。我：我能尝一个吗？店主：不能。。。知道味你就不买了。我。。。,禁忌\秘密揭露,另有含义
医生对病人说：你的病很重，不知道是否治得好。 病人哀求说：医生，请你想法子救我。复原后我愿意捐5万元钱作筹建新医院的基金。 几个月后，医生在街上碰见那个病人，便问道：身体怎样？ 那人回答：好极了。 我刚才打算找你，医生继续说，谈谈捐款给医院的事。 你说什么？ 医生提醒他：你说过复原后捐款5万元的。 真的？那人喊道：唉，你看，当时我病得多迷糊啊,桥界推论,另有含义
"某先生从来不帮太太做家务。 有一次妻子生日那天，他心血来潮地对太太说：你今天不用洗碗碟了。 太太喜出望外地说：真太好了，谢谢你的帮忙。 先生回答说：不，你留着明天再洗罢
",禁忌\秘密揭露,搞错重点或是误会情节
“服务员，点餐！”“先生，您要点什么？”“你们这最贵的红酒多少钱？”“18800。”“嗨，才18000嘛！来，给我来听可乐！”,桥界推论,另有含义
甲问：「你这一生中什么时候最快乐？」乙答：「我结婚那天。」甲再问：「那你什么时候最痛苦呢？」乙答：「结婚后的每一天。」,桥界推论,意想不到的答案
"爸爸为了培养小明的艺术修养，带他到音乐厅欣赏小提琴独奏会。一小时、两小时过去了，台上的演奏者依然欲罢不能，早已坐不住的小明大声问：爸！他要到什么时候才能把那个木盒子锯开
",桥界推论,搞错重点或是误会情节
"偷偷地告诉各位妹子，如果你有一位喜欢玩网游的男朋友， 如果他不怎么给你打电话叫你出来，但是，某一天， 他突然打电话给你叫你出来玩，不用想多了，肯定是服务器开始维护了
",禁忌\秘密揭露,意想不到的答案
"今天早上，我遇到了我以前的老板， 便微笑着对他说：“老板早啊！ 我真是要好好感谢你， 如果当初你没解雇我， 我就不会过上现在这样闲散舒适， 不劳而获的好日子。” 老板也笑了笑说不用客气， 然后在我面前的碗里丢了一块钱
",桥界推论,另有含义
老师常在课堂上教育大家说，当看到别的缺陷和不幸时，千万不要嘲笑。 一天，小布朗对老师说：今天校园里有一个孩子掉进水坑里，大家都大笑，只有我没有笑。 你做得对。老师表扬道，是谁掉进了水坑里呢？ 是我。布朗回答',禁忌\秘密揭露,意想不到的答案
"所谓的指腹为婚就是： 指着女朋友的肚子对爸爸妈妈说：爸，妈，我们要结婚了
",桥界推论,另有含义
高中时学校不让学生头发太长。有一次班主任叫大强出去讲话。 班主任：“你耳朵长的挺好看啊，咋用头发遮着，怕人看见啊？” 大强回复：“你腿也挺好看的，干嘛把它遮住？” 然后从此再也没见过大强。,桥界推论,另有含义
"公司里，甲乙丙三人同时追求一个女孩。在一次同事聚会当中，女孩不小心放了一个屁，为了不让女孩过于尴尬…甲就站起来承认：「对不起，屁是我放的。」女孩于是对他流露出感激的眼神。没多久她又不小心放了个屁，乙也想献殷勤，于是也站起来说屁是他放的，女孩同样感到很窝心。想不到没多久，女孩又放了第三个屁，这时丙想，绝不能让两人专美于前！于是抢著站起来大声说：「这个屁和她以后放的屁，通通算我的！」
",禁忌\秘密揭露,荒诞或是愚蠢的行径\话语\情况
儿子：「爸爸，星期五下午你有空吗？」爸爸：「什么事啊？」儿子：「学校要召开小型家长座谈会。」爸爸：「什么叫小型家长座谈会？」儿子：「就是只有训导主任、你和我参加。」,桥界推论,另有含义
"魏皮尔教士在敏尼芬士向印地安人传教，第一天，他要到临近村中去执行他的教务，于是很匆忙地走了，而将许多东西遗落在那个部族的酋长的屋中。「我离开后，这些东西可能安全吗？」他问著酋长。「喔！请你不必为它们担忧。」酋长答：「这儿在一百里之内是没有白人的。」
",桥界推论,另有含义
"我有一个学日语的同学，一次开车，不小心闯了红灯，Pol.ice就上来了，那小子一伸脑袋，BLABLABLA一串日语，Pol.ice就蒙了，比划了半天也没弄明白，眼看后面车堵成长龙了，Pol.ice说，算了，你走吧。 那小子喜滋滋地点火挂挡，Pol.ice一把摁住了：别的听不懂这就听懂了？给我下来
",禁忌\秘密揭露,意外出糗
"男：「你啥时要缴房租」女：「蛤？」男：「你住在我心里很久了。」
",桥界推论,意想不到的答案
"一天，姑姑对她班上的小朋友说（她是幼稚园老师）：你们一定要懂事喔！ 忽然有一个小朋友大声的说：老师，我还懂五呢
",⽂字游戏,搞错重点或是误会情节
甲，乙，丙三人到沙漠旅行，不久，他们不想再待在沙漠，于是求天神给他们3个愿望！甲：我要回家！乙：我也要回家！于是天神实现了他们的愿望！他们叮一声回到家里，但是..丙：我没有家，我想他们留下陪我！,桥界推论,意想不到的答案
"诸葛亮给小乔写信，信里夹了铜钱。 不久，诸葛亮去见周渝说，有金钱交易的性关系，是不是叫漂？周渝点头。 那我漂了你老婆小乔，诸葛亮说。 周渝大怒，马上回家问小乔：诸葛亮给你钱了？小乔说是。又问：和你有性关系？ 小乔点头道：前不久有信联系。 于是周渝吐血，气死
",⽂字游戏,另有含义
医生跟精神病人说：「通常有这种病的人都不会承认自己有病。」病人：「那医生你有没有病？」医生：「我当然没有。」,桥界推论,另有含义
有一天有一位潮男走在路上一个路人看到他便说：哇呜，你超会搭然后潮男就烧焦了,⽂字游戏,另有含义
"一对情侣结伴旅行。当他俩乘坐的火车穿过漫长的隧道出来以后，男的说：如果早知道隧道这么长，我就会给你一个吻！ 天哪！女的惊叫起来，刚才吻我的不是你吗
",桥界推论,另有含义
"今天下班回家走在路上， 见一漂亮妈妈在路边打一个小正太。。。 小正太嗷嗷的大声哭，心想这母亲也太狠了，怎么这样打自己的孩子？ 便想上前说说，刚走出一步， 又听那妈妈说：“在公车上拔老娘的衣服,扯老娘的胸罩，你TM挺会为大众服务阿！” 听完以后我走了，默默的
",其他,意想不到的答案
"一位演说家公开指责喝酒的坏处：「我希望所有的酒都在海底深处！」「我也是！」听众之中冒出一个声音。「先生，恭喜你！」演说家宣布：「我看得出来，你是一个有奉献精神的人。能否请问你从事什么职业？」「当然可以。我是一个深海潜水员。」
",桥界推论,另有含义
早起上班，路遇一哥们儿急匆匆从身边跑过。招呼他：“干嘛呢？” 答曰：“遛狗呢。” 不几分钟此哥们儿又急匆匆从身边跑回。问他：“怎么了？” 哥们儿淡定地说：“忘带狗了。,无逻辑和矛盾,荒诞或是愚蠢的行径\话语\情况
"说是有一年把外婆接到家里一起过年，外婆一直唠叨让我赶紧找女朋友结婚，说你看和你一般大的西门庆都有了西门子了，明年要给外婆搞个对象回来！ 我刚要接话，外婆又补充了一句：“男的女的都行！
",禁忌\秘密揭露,意想不到的答案
"甲：我们村里有条非常凶的狗，谁要是打它，它肯定对谁拼了命地狂咬。但是唯独我儿子打它时，它不光不咬我儿子，而且表现得很温顺。 乙：的确很奇怪，我想知道你儿子怎么打那狗的？ 甲：拿肉包子
",桥界推论,意想不到的答案
"新任巡抚是外乡人。一天，他操看家乡语言，对差役说：你给我买根竹竿。 差役误听成猪肝，便到外面买了猪肝，还自作主张买了一只猪心，晋见巡抚道：大人，猪肝买到了。 巡抚一见，不由大笑，怨他办事不用脑，说道：你的心在哪里？ 差役忙从衣袖里拿出猪心，答道：大人，心在这里
",⽂字游戏,搞错重点或是误会情节
"某天，喝的大醉，晕晕乎乎的来到了 自动电话亭，给家里打电话，让他们来接我。 “喂，谁啊”对面传来儿子的声音。 我： “儿子 猜猜爸是谁！” 儿子：“爷爷？” 我：“不对 再猜，给你点提示， 每天晚上和你妈睡在一起的那个！” 儿子：“哦！是叔叔啊” 眨巴眨巴眼睛，我是不是喝多了…
",禁忌\秘密揭露,另有含义
"女：「我初恋的男友，是卖牛肉面的，他和别人结婚后，我发誓从此不再吃牛肉面。」男：「哦！那妳第二位男友呢？」女：「他是开计程车的，他弃我而去后，我自己买了部摩托车，从此不再坐计程车。」男：「那我分手吧。」女：「为什么？」男：「因为我是卖衣服的啊！」
",桥界推论,另有含义
妈妈：火柴买回来了吗？ 儿子：买回来了。 妈妈：火柴好吗？ 儿子：很好，我每一根都试过，全部划得着,桥界推论,荒诞或是愚蠢的行径\话语\情况
"宿舍里，半夜起来上厕所，睡得迷迷糊糊，看到远处有一点红光，咦，又忘记关电源，随手去按。啊啊啊啊！艹，没烧完的蚊香。
",桥界推论,荒诞或是愚蠢的行径\话语\情况
"问：为什么狗喜欢在晚上做爱？答：犬夜叉
",⽂字游戏,另有含义
"图书馆里，“老奶奶，你坐吧！” “恩，乖孩子，谢谢啊！ 哎，乖孙子，快过来呀，奶奶给你占到座啦！
",桥界推论,意想不到的答案
"大明刚刚结婚不久。某夜，老婆正在厨房忙着晚餐。大明为了体贴老婆，想帮老婆做点家事。于是就对亲爱的老婆说：亲爱的，我能帮忙什么吗？老婆说：看你笨手笨脚的，找点简单的，就剥洋葱好了。大明想这个简单不过了。不过刚剥不久，大明就被呛得一把鼻涕一把泪。心想，这可不是那么简单，又不好意思去向老婆请教，只好打电话向老妈讨救兵。老妈说：这很容嘛，你在水中剥不就得了。大明于是按着老妈的方法，完成了老婆的任务，开心的不得了。隔天，大明打电话向老妈说：老妈，你的方法真不赖，不过好虽好，美中不足的就是要时常换气，好累人喔。
",桥界推论,荒诞或是愚蠢的行径\话语\情况
"大学里睡大头觉睡惯了，刚上班，天天迟到，几乎天天都要被经理批评，常常还是上班迟到最久的一个。 今天我对经理说“经理，我保证，我明天一定改！” 第二天，果然得到了经理的夸奖：“不错，今天你是迟到的人里面，到的最早的一个。
",桥界推论,其他
"在实弹射击训练中，有个士兵连发几枪都未射中靶心。教官怒气冲冲地夺过士兵的枪，声色俱厉地说：「笨蛋！你瞧我的。」他瞄准射击，可是子弹却飞到了靶外。他气势汹汹地转身向士兵吼道：「瞧，你就是这样打靶的！」
",桥界推论,意外出糗
"学生们不约而同地回答：“反哺！” “很好，”老师满意的点点头，又怕他们记得不深，又举了个列子，“你们小时候，爸爸妈妈给你们矫正牙齿，等爸爸妈妈老了，你们就得花钱给爸爸妈妈安假牙，这又叫什么？” “以牙还牙！”学生们异口同声的答道
",⽂字游戏,意想不到的答案
"问：球有几个面？答：两个里面跟外面
",⽂字游戏,意想不到的答案
"过年第一次到女友家，惊奇发现岳父是我高中时的地理老师啊！ 见到岳母我更震惊了，是我的高中同学啊。 最震惊大家的是是，岳母同时是我高中时的女友
",夸张,意想不到的答案
"问：左和右，谁喜欢独奏，谁又比较好？答：左solo，右sogood(左手锣，右手鼓)
",⽂字游戏,另有含义
"父亲对即将成为女婿的年轻人说：「如果我给女儿很多嫁妆，那你打算拿什么和我做交换？」年轻人考虑半天之后，才慢条斯理地回答：「收据。」
",讽刺,另有含义
"一女学生上课迟到，被罚跑圈，不久下起了大雨，忽然女生觉得雨停了，一看有一男生在她身边打着伞陪跑，女生脸上泛起绯红，却说，我有男朋友了，怎料那男生说：我不来，你男朋友就要来，我怎么忍心他受苦。
",桥界推论,意想不到的答案
"红衣主教驾车飞驰，一名员警骑摩托车追上把他拦住。主教问：「我的车开得太快了吗？」「不，主教大人。您的车不是开得太快，而是飞得太慢。」
",禁忌\秘密揭露,意外出糗
"一天，火车上有个顽童赶到查票员的面前说：先生，这火车上有两个旅客没有票，我知道哪两个是没有车票的。 查票员说：好呀！我要查这件事。 于是，查票员小心仔细地查看了每个人的票，但他查的旅客都有票，接着他看见报告这消息的孩子就问道：车上没有票的旅客在哪里？ 这孩子回答：他们在火车头，一个是司机，还有一个是火夫
",无逻辑和矛盾,搞错重点或是误会情节
"有一次，专考外国留学生的汉语托福试卷上出现了一道填空题：绞尽___汁。 试卷收上来，老师发现答案多种多样，但都没答对，如：绞尽墨汁；绞尽乳汁；绞尽果汁；绞尽汤汁。 老师在后来评讲试卷时，对这批未来的留华学生说：你们真是‘绞尽脑汁’也没写出‘绞尽脑汁’
",⽂字游戏,另有含义
"妹妹毕业后一直宅家里，天天好吃懒做。好不容易才给她找了个面试的机会，下班后见她还在家玩，我着急地问：“面试过了吗？”妹妹点了点头：“试过了，挺好吃的！”她指着桌上的方便面空盒子说道。
",⽂字游戏,搞错重点或是误会情节
"一个女性朋友和一个男性gay合租房子。 有一天晚上她很沮丧，那个gay很体贴地给她下了碗面。她突然觉得很温馨，就说：“要不我们就这么凑合过过算了。” 没想到gay脸色大变：“你没男人要，我可有的！
",羞辱,意想不到的答案
"一次宴会上，一位老板的前门拉链开了却浑然不知，被他的女秘发现，碍于客人在场，不便直说，提醒老板说老板，你的车库门开了。 老板不解喔，你看见我的宝马了吗？ 没有，只看见两个破轮胎。女秘回答
",羞辱,另有含义
"语文老师问道：为什么我们说书籍是我们最好的朋友呢？ 当我们对它感到乏味、厌烦的时候，我们就可以不看，把它搁下，无论搁多久，它都不会生气的
",桥界推论,另有含义
"酒馆里，一老一少两个男人聊天，年轻的说：“我女朋友要求很高，我每次十八般武艺都用上了都难满意，我都不知道怎么办了。” 老男人干下一杯威士忌，抬头很认真的说：“十八般武艺比不上十八般兵器啊”！
",桥界推论,另有含义
"某校军训，一天清晨早操，教官发现有几名女生站着没参加跑步，上前询问：“为什么不参加训练！” 女生答曰：“大姨妈来了。(指女性生理周期)” 小教官不明，斥曰：“我们有规定，军训期间不许亲属探视！
",⽂字游戏,搞错重点或是误会情节
"我的一个朋友就要去草原玩了。作为内蒙人，我给她讲解了一些基本的安全常识。比如当她孤身遭遇野狼的话，不要转头逃跑，人类永远没法和狼比速度。正确的做法应该是原地不动，与狼的目光正面接触，死死盯住，不要移开，能坚持多久就坚持多久，这样会死的比较有尊严一点。
",禁忌\秘密揭露,意想不到的答案
女儿：妈妈，我和他昨天领证了！ 妈妈：这么快就结婚！你了解他吗？ 女儿：我已经非常了解他了！他有100万的存款！ 妈妈：是吗？ 女儿：你看，这是他的存折！ 妈妈高兴的接过存折，仔细定睛观看。 突然，妈妈大喊起来：这哪是100万，明明是1万！你又把小数点后的2个零给数上了,禁忌\秘密揭露,意外出糗
"所谓的「指腹为婚」就是──指著女朋友的肚子，对自己的父母说：「爸、妈，我们决定要结婚了......」
",桥界推论,另有含义
"有个学生请教爱因斯坦逻辑学有什么用。 爱因斯坦问他：＂两个人从烟囱里爬出去，一个满脸烟灰，一个干干净净，你认为哪一个该去洗澡？＂ ＂当然是脏的那个。＂学生说。 ＂不对。脏的那个看见对方干干净净，以为自己也不会脏，哪里会去洗澡？
",禁忌\秘密揭露,意想不到的答案
"一日，男友给远方的女友写信，为了证明自己有多么的爱她，便在信的后面画上了一个心。然后又在心上画了一支剑，意思是剑串心，我真的很爱你，而后又画了一串剑穿心，是为了让其女友知道他又多么的爱她。又写上瞧我有多爱你。 不久他收到了女友的信，女友在信中问到你那串羊肉串是什么意思
",桥界推论,搞错重点或是误会情节
"掌柜招待客人，叫杨相上茶。杨相端着茶碗正递给客人，不料同时放了一个响屁。客人扭头看了掌柜一眼。掌柜当然也听见了，气得脸都变白了。客人走了以后，掌柜把杨相叫到柜桌前训斥道：今儿个给客人上茶，你怎么……可真凉，净给我弄这凉事，你算是凉透啦，你……意思是你净给我干这丢面子的事。杨相急忙辩白说：好我的掌柜哩，不凉，那茶是我刚烧好滚烫的开水冲下的
",无逻辑和矛盾,搞错重点或是误会情节
"失眠睡不着不要再数绵羊了，欧美国家数绵羊是因为羊Sheep和睡觉Sleep音似，属於潜意识暗示：中国人只会越数越乱，我们应该数：水饺，水饺，水饺。。。。
",⽂字游戏,另有含义
"有一天有一个人带著一条狗到唱片公司，他说他是这条狗的经纪人，并说他这条狗会唱歌跳舞云云，老板不相信，就叫小狗表演一次。当音乐响起，小狗跟著音乐载歌载舞，老板目瞪口呆的看著小狗，一边想著这一次捡到摇钱树了，就赶快拿出合同希望与狗签约，没想到忽然一条大狗冲进来，把小狗衔走了。老板问：「怎么回事？」经纪人无奈的表示：「唉！那是他妈妈，他妈妈希望他儿子成为一名医生，演艺圈太复杂了！」
",转化,意想不到的答案
"中午食堂吃饭，打了一份回锅肉， 小明一看里面都是土豆片子， 小明就问给自己打菜的人：“师傅。。肉呢？” 他还没说话呢，小明后面的一个二货接着说：“回锅里去了。” 小明：就你话多！
",⽂字游戏,荒诞或是愚蠢的行径\话语\情况
"妻子：婚前，你曾经是不是把我叫做天使、心肝、宝贝、亲爱的？ 丈夫：对。 妻子：为什么现在你不这样叫我了呢？ 丈夫：亲爱的，你应该感到高兴，现在我头脑正常多了
",讽刺,另有含义
"今早，我拿一小玩意正玩呢。 一四五岁小朋友跑来问我：“阿姨，你拿的什么呀？让我看看吧？” 我：“好”。 这时小朋友的妈妈来了。 小朋友对他妈妈说：“妈妈，你看，阿姨送给我的”。 那妈妈：还不快谢谢阿姨！” 当时我无语了，真想把那小朋友掐死！！那是我的东西啊
",其他,搞错重点或是误会情节
"先生回到家，气急败坏地跟太太说：「糟了！我得罪你爸了！」「怎么会？你今天不是跟我爸和他的客人一起吃饭吗？」太太问。「是啊，吃饭聊天的时候，我讲到一句狗仗人势，结果只讲到人字就被食物噎住，变成了狗丈人…」「真的？那你有没有赶快解释？」太太也很著急。「有啊，你爸就问我：你是在说我吗？这时我才把食物吞下去，说出了最后一个字：势（是）。」
",⽂字游戏,意外出糗
"有天，一神经病在刷牙，忽然发现镜子里面也有个人在刷牙。 于是他便向镜子里的人挥挥手打招呼，不料里面那人也一样对他挥挥手。他对他笑笑，里面那人也对他笑笑！他做鬼脸，他也做鬼脸。于是是他火了，骂到：你妹妹的，一直学我干嘛！你神经病啊
",无逻辑和矛盾,荒诞或是愚蠢的行径\话语\情况
"一位老先生来到药铺，对伙计说：“给我来一剂泻药。”伙计把泻药递给他。 “效力快吗？”老先生问道。 “特快！您看对面的茅厕，离这儿刚好五十步远，只要您现在服下药，一跑到茅厕，一定见效！” 过了一会儿，老先生愁眉苦脸地又回来了。 伙计问：“您还要一剂，老先生？” “不，我来是为了告诉你，这里离茅厕距离你少估计了两步！
",桥界推论,另有含义
有天小明跑去扭蛋，本来要投50元结果手滑弄掉了，铜板滚阿滚阿滚到老板脚下老板：「你掉的是这个银色10块，还是这个金色的10块？」小明：「都不是」老板：「你很诚实，这两个10块给你吧」小明：「喂.......我的50」,桥界推论,意想不到的答案
中央12法制节目。 说一个小孩被绑架，警方如何营救。 解救之后，孩子父亲问：嫌疑人什么特征，绑架这两天你都做什么了？ 孩子说：这两天把作业做了！ #@￥%。。。 宝贝，你内心是有多强大啊,无逻辑和矛盾,荒诞或是愚蠢的行径\话语\情况
"在银行排队取钱来着，银行有个光头猥琐大叔对柜员姐姐说：“妹子，借我一万块玩玩呗。” 那姐姐特无奈地说：“爸，取款就取款，别让别人误会了……
",禁忌\秘密揭露,意想不到的答案
"侦探学校举行毕业考试，有一个问题是：公路上有一辆汽车飞驰，没有开灯。突然之间，有一个穿黑衣服的醉鬼走到路中间。这时没有路灯，也没有月亮。眼看那个人就要被汽车撞倒，但汽车忽然刹住了，是什么原因？ 有人答：因为醉鬼的眼睛发光。 还有人答：因为醉鬼大声叫喊。 都不对，正确的答案是：当时是白天
",禁忌\秘密揭露,其他
"昨晚准备了一颗钻戒向女朋友求婚，但是她拒绝了我：“不可以！你是有老婆的！”“我知道，不然你以为钻戒哪来的？”
",桥界推论,意想不到的答案
"正好不在，同事帮我留了客户的姓名，整个把我雷到了。 同事留的条子是：张银，沪猩路**号。 然后我和客户核对信息，结果是：张莹，沪星路**号 无语地问同事怎么会这样。 同事说：问名字的时候，他说是金银的银嘛。 问地址的时候，他说是猩猩的猩嘛…… 我…
",⽂字游戏,搞错重点或是误会情节
"我凭自己本事借的钱，凭什么还？
",无逻辑和矛盾,荒诞或是愚蠢的行径\话语\情况
"他从小一起长大的女孩和他寝室的好兄弟在一起了。 尽管很难过，但他还是由衷地祝福他们。 平时两人发生争吵，他都会安慰女孩， 陪她吃饭逛街看电影最后还劝他们早点和好。 终于有天女孩被他感动了：“你为什么要对我这么好？” 他想了想认真地回答说：“我只是不想他不快乐。
",禁忌\秘密揭露,意想不到的答案
"「我死后...」富翁嘱咐他的年轻妻子说，「我要你再嫁。」「不要那样说....」她说。「把我的衣服都给他，让他带你出去的时候显得风光些。」他说。「别老说这些！」她哭著说，「那怎么行呢。」「为什么不行？」他问她。「你穿中码....」她向他解释：「他穿大码。」
",禁忌\秘密揭露,意想不到的答案
"老王在树下休息，老李走过来对他说：“嗨，为什么不去上山砍柴？” 老王说：“砍柴干什么？” 老李说：“好卖钱啊。卖到钱就可以买驴，再沿家挨户卖柴。挣了钱就再买卡车，然后买木厂卖木器，再买更多的卡车，那样就可以发大财了。” 老王问：“发了财干什么？” 老李答：“发了财就可以逍遥自在地享清福嘛。” 老王说：“那你以为我现在在干什么？
",桥界推论,意想不到的答案
"花为什么会笑？因为花有梗，老人为什么会笑？因为他是老梗，电锯为什么会笑？因为它会一直「梗梗梗梗梗梗~~~~~~~~~~」
",⽂字游戏,另有含义
"一位妇女走进我所工作的服装店，想为她的四十年高中聚会找一件套装，正当她一件又一件的疲于试换时，几位上高中的女孩拿着她们为家庭舞会所挑选的服装走进试衣间。 噢！这件衣服简直让我看起来像四十岁!一个女孩嚷道。 那位妇女将头从试衣室中探出来说：把它给我，那正是我所要找的
",桥界推论,另有含义
"妻子：我想给小狗起个名字叫‘拜伦’，母亲说这样会侮辱了这位诗人；后来我想把你的名字改给它，母亲又说不好。 丈夫：你的母亲真好。 妻子：她说这样会侮辱了小狗
",羞辱,意想不到的答案
"丈夫被半岁的女儿抓得满脸是伤。太太频频催他上医院。 丈夫：我不在乎这点伤。 太太：我却在乎我的名誉
",桥界推论,另有含义
"甲生是一位勤奋好学的学生，他利用寒暑假兼职赚取学费。白天帮肉贩割肉，晚上则到医院工作。某晚，有位老妇因急诊要施行手术，由甲生用轮床推她进手术室。老妇看了甲生一眼，突然惊惶失色的狂喊：「天那！你是那个杀猪的，你要把我推到哪儿？」
",桥界推论,搞错重点或是误会情节
"小明的爸爸是邮递员。 一天，爸爸上班忘了戴帽子，妈妈赶紧追了出去。 小明怕爸爸走了，就在楼上喊：“爸爸，我妈给你带绿帽子去了！
",⽂字游戏,另有含义
"妈妈教导自己即将成年的女儿说：“选择丈夫是一辈子的大事，要多长几个心眼。你看你爸爸，什么都会修，汽车、电器、水龙头都是自己修，连衣柜坏了，他也能自己修……” 女儿点点头。 妈妈继续说道：“如果你也找一个像你爸爸这样的丈夫，你一辈子也别想用上新东西！
",桥界推论,意想不到的答案
"老林想买新手机跟美女店员杀价杀了半天，都没成功，只好忍痛买下...离开前，老林不甘心的问到：「美女，我跟妳买了手机，妳又没算我便宜，妳应该可以送我点什么吧？」美女店员一愣弱弱的说：「那我送你出去吧.....」
",⽂字游戏,另有含义
大熊猫生日，吹灭生日蜡烛后，朋友们问它，许了什么愿望。大熊猫回答说：我这辈子有2个最大的愿望，一个是希望能把我的黑眼圈治好，还有一个嘛！就是希望我也能照张彩色照片。,无逻辑和矛盾,其他
"儿子问：“比水渠大的叫什么？” 我答：“叫水沟。” “比水沟大的呢？” “叫小溪。” “比小溪大的呢？” “叫河。” “比河大的呢？” “叫海。” “比海大的呢？” “叫洋。” “比洋大的呢？” “比洋大呀，叫什么呢……” 我正苦思冥想，儿子得意地说：“我知道，比羊大的是牛。
",⽂字游戏,搞错重点或是误会情节
"有一天，一位大款来到一家饭店。 女服务员上前问道：先生，您需要什么？ 馍馍（摸摸）多钱？水饺（睡觉）多钱？ 流氓（六毛）！服务员大怒。 才六毛呀，肯定不是什么好货色。算了，走了。 大款说道
",⽂字游戏,搞错重点或是误会情节
"女：“你跟我说话怎么老嚼着糖？” 男：“不嚼糖哪来那么多甜言蜜语呀
",禁忌\秘密揭露,另有含义
"一位求职者在「专长」一栏中填上「造谣」。面试官不信任地说：「你造一次谣给我们看看。」求职者走到门外，对其他等待面试的人说：「你们可以回去了，我已经得到了这份工作，没你们的事了。」
",桥界推论,意想不到的答案
"主人在睡觉的时候被小偷惊醒。 主人：把所有的东西放下！！ 小偷：可是，这些东西有一半是从别人那儿拿来的
",禁忌\秘密揭露,另有含义
"老婆从来不做家务。老公生日那天晚上，老婆心血来潮地对老公说：“今天你生日，不用洗碗了。” 老公高兴地亲了一口老婆说：“太好了，谢谢你帮忙！” 老婆不紧不慢地说：“留着明天再洗吧。
",桥界推论,意想不到的答案
"一所中学的电脑教室由于要使用Windows的关系必须要购买一百只鼠标（mouse），于是向财务部打了报告。 不久就接到会计室的公文：因为经费有限，请先购买一对老鼠，以便繁殖后代
",⽂字游戏,搞错重点或是误会情节
"小明喜欢钓鱼，然后把钓来的鱼带回家做水煮鱼，这天小明又钓到一条鱼，没想到这条鱼竟然会说话，它说：求求你，放了我吧，这天是我生日，放我一条生路吧。 小明：好，那我祝你生日快乐，你接受吗？ 鱼：好的，谢谢你。 于是小明把鱼煮了，因为他说的是‘祝（煮）你生日快乐’
",⽂字游戏,另有含义
"我们高中每学期给年级前十发一千元奖金。 一牛人，高一上学期到高三上学期都拿奖金，攒了五千，高三下学期买了个iPhone。 后来，高考落榜了…
",桥界推论,意想不到的答案
"一位监考老师正纳闷的盯这一位学生在掷骰子，奇怪的是……那学生同一题掷好几次……便问那学生为什么？那学生无奈的回答说：""难到不用验算吗？""
",无逻辑和矛盾,荒诞或是愚蠢的行径\话语\情况
"先生，有口皆碑，怎样解？ 学生，有口皆杯的意思，是说：凡杯，都有口，如酒杯、茶杯等
",⽂字游戏,搞错重点或是误会情节
"小张：你不是最讨厌结婚的吗？ 小王：我是因为她身材的曲线才娶她。 小张：她一定有副令你难以抗拒的身材了？ 小王：哪儿，她怀孕了
",桥界推论,意想不到的答案
"夏日健康提醒：夏天来了应尽量选择多吃西红柿或者西瓜，尽量少吃芒果，荔枝，猕猴桃，提子，因为西红柿和西瓜比较便宜。吃多了不心疼……
",禁忌\秘密揭露,意想不到的答案
"甲：喂，你在写什么？ 乙：情书。 甲：写些什么？ 乙：你听着，‘亲爱的，我的心上人，我俩是天生的一对。除了你，我谁也不爱’…… 甲：写给谁呀？ 乙：我还没有最后拿定主意
",无逻辑和矛盾,荒诞或是愚蠢的行径\话语\情况
某天夜里一位75岁的老太太在梦中见到了上帝。 她问上帝：我还有多久活呢？ 上帝说：还有35年时间。 听了这话，她在后来的一年做了一套完完全全的美容手术，整了脸，缩了腹，简直如同换了一个新人 。她觉得既然还有35年时间，不妨就应该看上去年轻窈窕些。 就在这同一年，她被汽车给撞了，一命归天。 她进入天堂之门后，直接走到上帝的面前：这是怎么回事？您不是说我还可以再活35年吗 ？ 上帝想了一下，说道：原来是你呀！刚才我真的没有认出是你,桥界推论,荒诞或是愚蠢的行径\话语\情况
"昨晚请女同事吃饭，菜端上来她没吃两口就不吃了，我关心地问道：“你为什么……”她笑着打断我说：“你是想问我为什么吃这么少吗？”我说：“我是想问你为什么吃这么少，还这么肥！”
",羞辱,意想不到的答案
"有一个英文名字叫汉姆的大学老师，在学校里每天都很辛苦的备课，时间久了，于是就有了后来非常出名的“贝克汉姆”
",⽂字游戏,另有含义
"丈夫下班回家，看到老婆剪成短发后，不高兴的说：“你这么好的一头长发，怎么箭成了个短发，也不先跟我商量一下！” 老婆回了一句：“你都成了秃顶了，什么时候给我商量过！
",类比,意想不到的答案
"雄蟹向雌蟹求婚。雌蟹注意到雄蟹走路时是直行而非横行的。 心里想：这位先生真与众不同，我可不能让他跑掉。于是他们当下就结婚了。 第二天她注意到她的新婚丈夫和别的螃蟹一样，也在横行，就问道：昨天你不是直行的吗？ 亲爱的，她丈夫回答，我可不能天天都喝得那么醉
",禁忌\秘密揭露,意想不到的答案
"老公老婆在床上要睡觉，老公打了一个喷嚏，喷了老婆一脸。老婆说：再有情况时提前说一声。过了一会，老公大声说：预备！老婆赶忙一头钻进被子里，老公放了一个屁。
",桥界推论,意想不到的答案
"一女一男正在甜蜜散步。这时冲出另一女子指着他们大骂：“没良心的，你答应过要照顾我一辈子啊！！！” 男的呆了：“我不认识你啊！”然后转头向女朋友解释说：“亲爱的我真的不认识她！”女友沉默。 男的慌了，就骂那女的：“你想当第三者想疯了啊！” 那女的哭着看着那男的说：“你才是第三者！！
",桥界推论,意想不到的答案
"问：公司要裁员时不能喝什么？答：仙草蜜，因为「先炒ＭＥ」…
",⽂字游戏,另有含义
"妈妈怀孕了，四岁的小宝百思不得其解，他想知道，未来的弟弟或妹妹是如何生出来的。爸爸耐心地给小宝描绘道：「先生出头，再生出身子，最后是两条腿，懂了吗？」「懂了，爸爸。然后你再用螺丝把它们组装起来，对吧！」
",无逻辑和矛盾,搞错重点或是误会情节
"女友是个波霸， 我开玩笑问她里面的不会都是硅胶吧？ 她点点头说是， 看我脸都白了她大笑着安慰我说： “今天是愚人节我骗你的啦！ 其实那是用我自己脂肪做的， 我以前是男人的时候比较胖。
",禁忌\秘密揭露,意想不到的答案
潘曼打工快满一年了，这天财主突然说：我问你，世上什么东西最好吃又最不好吃？答对了，多发你10文钱，否则就扣你一半工钱。潘曼知道财主在耍花招，便答应着走进厨房，端来一碗硬糠饼放在桌上。 财主一看是给长工当饭吃的东西，不敢说不好吃，潘曼便说：既最好吃，那你就吃一口吧。财主嚼着又馊又酸的硬糠饼，不觉哇一口吐出来，潘曼侧身道：老爷，这是世上 最好吃又最不好吃的东西。你说对吗？财主无话可说，只好给他加了10文钱,桥界推论,另有含义
"有一天一个客人走到牛肉面店去客人：「老板！一碗牛肉面面多一点」老板：「好，马上来」老板在做面时客人又说：「老板，汤要多一点唷~」老板：「喔！面端来了」客人：「老板，我还要肉多一点」老板生气的说：「那请问你要什么东西少一点？」客人(很欠扁的表情)：「钱呀！」
",无逻辑和矛盾,意想不到的答案
"法官对被告说：你不但偷钱，还拿了表，戒指和珍珠。 被告说：是的，法官先生，人们不是常说‘光有钱并不会得到幸福吗
",典故改写,搞错重点或是误会情节
"宪哥：「看看他是不是手上都长老茧了...（问少林和尚」NONO：「是因为练功的关系吗？」宪哥：「是因为晚上寂寞的关系啊！」
",桥界推论,另有含义
儿：爸，我今天被老师处罚。角头爸爸：嗯？老师干嘛给你处罚。儿：我也不知道，上课的时候老师就问我3X2等于多少？爸爸：那你怎么回答？儿：我说等于6啊。爸爸：嗯！对啊，阿老师为什么会处罚你？儿：因为后来老师又问我，那2X3等于多少？...爸爸：XXX勒，阿不是拢港款.....儿：对对对！！我就是这样跟老师说的...,桥界推论,意想不到的答案
"问：马、虎、狼三种动物，请问是谁把龙藏起来了呢？答：狼，因为：卧虎藏龙（wolf藏龙）
",⽂字游戏,另有含义
"昨晚吃饭的时候，阿公突然跟我说：「家里有块地是你的。」当下我强忍泪水，心里暗想：「我就知道，我其实是隐形富二代！之前的贫困日子都是为了磨砺我！现在时机终于成熟了！」我强忍住内心的激动，尽量用平和又不经意的语气回答他：「喔，在哪里？」阿公说：「在桌上，新竹货运的“快递”，我早上帮你签收了。」
",⽂字游戏,搞错重点或是误会情节
"老师：小明，最近你的功课写的不错！ 小明：这全是警察打黄的功劳！ 老师：功课与扫黄有什么关系？ 小明：我爸每晚没地方去，就盯着我写功课
",桥界推论,另有含义
"有一天，小明在上课，由于晚上没睡好上课在打瞌睡，老师评讲卷子都没听见。 忽然，老师问同学们:""领会的意思是什么?"" 小明信心满满的举起手，老师看见了说:""小明，你来回答吧!"" ""领会的意思是领导开会!!"" 同学们哄堂大笑，老师马上晕了过去…
",⽂字游戏,荒诞或是愚蠢的行径\话语\情况
"我带儿子到附近的一家超市购物。 在化妆品货架旁，儿子指着一瓶增白霜说：“妈，给我买一瓶增白霜抹抹我的手，增增白！” 我惊奇地问：“你一个男孩子为什么要那么白的手？” 儿子说：“因为你说过我长大了，一切都要‘白手起家’！
",⽂字游戏,搞错重点或是误会情节
"几个同学一块去拉面馆，人挺多。 因为下午有活动，一同学便不耐烦地喊道：“老板你快点拉，拉完我们快点吃，都还有事呢！” 旁边的人都石化了…
",⽂字游戏,荒诞或是愚蠢的行径\话语\情况
"阿花跟阿狗说…… 今天考试的时候…… 我踢你一下…… 你就要给我瞄一下…… 到了考试的时候…… 阿花踢了阿狗一下…… 阿狗便回答……喵~~
",⽂字游戏,搞错重点或是误会情节
"家有二货老婆一枚，哺乳期，喂过奶的都知道，期间奶会涨，以此为背景。一天老婆奶涨宝贝还没吃，脱了衣服奶成喷射状，瞬间喷我一脸，欣喜若狂的说：老公，我也能射你一脸。
",桥界推论,另有含义
"大学我们班里有个同学，叫王偲。 这个字念cai，一声。 有次一老师头一次点名，点到他了，老师拖长了音说：“王~~~” 坐在前排的几个女生就知道老师不认识这个字了， 于是一起大声跟老师说：“cai~~” 然后老师很委屈的抬起头来说，我猜不出来
",⽂字游戏,搞错重点或是误会情节
"小美在一家高级发廊理完发，一脸不悦。店主走上前去说道：“您好，您现在的发型是今年最流行的，您要是觉得不适合，欢迎您提出修改意见。” 小美嘴巴嘟嘟的翘起说：“那你把价目表修改一下吧！
",桥界推论,意想不到的答案
"小新：「妹妹，你干嘛那么用功？」妹：「还不都是因为你」小新：「我？」妹：「没错，我们家总要有人有出息吧！」
",讽刺,另有含义
"父亲下班回家，拿起一张报纸看了起来，一旁的儿子接连问了父亲好几个问题，父亲心烦起来，说：别问了！过去我从来没有向你爷爷问过这么多的问题！ 儿子回答说：是啊，您如果向爷爷问过这么多的问题，回答我就不会这样困难了
",讽刺,另有含义
"某公司经理奉召前往当陪审员，案子看来要相当日子才能审完。他向法官请假，解释说：公司业务繁忙，我不能长期离开。 法官说：哦，你未免把自己估计的太高了吧。你觉得公司没有你就不能运作，是吗？ 不是的，法官大人。我知道即使没有我，他们也能正常动作。我是担心他们发现这个事实
",禁忌\秘密揭露,意想不到的答案
"甲：我今天五点就起床了。 乙：然后你干啥了？ 甲：然后……呵呵…我又睡了
",禁忌\秘密揭露,其他
"老师规定凡是上课讲话的，要到教室后面罚站，并且把说话的内容大声说十遍。有一天上课，小蓝和邻座的同学咬耳朵，被老师抓到。 老师生气的说：小蓝，后面罚站！把你刚刚说的话再大声说十遍。 小蓝低着头走到教室后面，开始喃喃的低声说着。 老师叫道：大声一点！让全班都听得到！ 小蓝就大声的喊：老师的拉链没拉、老师的拉链没拉…
",禁忌\秘密揭露,意外出糗
"昨晚下雨了，儿子捉条鱼放鱼缸里去睡觉了，晚上我关门看到屋里蹦进来一只小青蛙，就捡起来放进了鱼缸。 儿子一大早起来就去看他的鱼，一会很紧张地跑到我跟前，压低声音说：“爸爸，可不得了了，我的鱼昨晚生了只青蛙！
",无逻辑和矛盾,搞错重点或是误会情节
"吃完饭后，服务员走过来问道：“你们还需要来点点心吗？” “不用了，我吃饱了。” “谢谢，我可以了！” “再也吃不下了！” 服务员：“今天的点心是赠送的。” “哦，那给我一块蛋糕。” “我要巧克力的，谢谢。” “我可以要双份吗？
",无逻辑和矛盾,另有含义
"一次数学课，我没认真听讲。 老师快过来了，我急忙用悄悄话那样的声音问后座一哥们：“哥们，哪一页？” 那哥们相当淡定的告诉我：“你没有拒绝我。” 我又一次小声的问：“擦！哪一页？” 然后他告诉我：“我伤害了你。” 我勒个去！当我是在和他对歌吗
",⽂字游戏,搞错重点或是误会情节
"中分看鼻子，齐刘海看脸型，斜刘海看气质，无刘海看五官……我？适合蒙面！
",禁忌\秘密揭露,另有含义
"有天两个员工在闲聊员工A：「今天老板发表的演说真不错，尤其是当他说公司就像机器，而我们每个人都如同螺丝一般重要时，我觉得他真是一个好老板，那么重视我们！」员工B：「但你可能忘了，螺丝虽然重要，但是..........容易替换！」
",禁忌\秘密揭露,意想不到的答案
"一天，年幼的杰克在院里坐着，他见一个不相识的人进来。 他便问道：你是谁。 这人答道：我是你的伯父，我的名字叫‘没有人’。 这人看见一些衣服便拿跑了。 杰克一见这情形，便喊道：妈妈，有人把我们的衣服拿去了。 他母亲问道：是谁呀？ 杰克答道：没有人。 他母亲以为他在开玩笑，便微笑着道：亲爱的，你在开什么玩笑。 杰克更加高声喊道：有人把我们的衣服拿跑了。 谁呀？ 没有人。 母亲又笑了笑道：亲爱的，不要打扰我了。我在给你做一件新衣裳呢。 杰克差不多哭了，喊道：有人把我们的衣服偷去了！ 母亲急忙走出屋来，她看见果然有人把衣服偷去了。 她便急忙问道：你看见谁把我们的衣服偷去了？ 杰克道：没有人
",⽂字游戏,搞错重点或是误会情节
"美玲：「你为什么要和张先生解除婚约？」阿娟：「昨天我们去看相，算命先生说我会生两个孩子，却说他会有四个孩子。你想想看，他多生的两个孩子，是跟谁生的？」
",桥界推论,另有含义
"我诅咒你一辈子买速食面没有调料包。
",其他,意想不到的答案
"妈妈正在打扫卫生，儿子走过去对妈妈说：“妈妈，你看！” 儿子边说边伸出手指，妈妈想要吓跑他，于是就把小明的手指一口咬在嘴里说：“我要咬掉你的手指！” 儿子迅速把手指从妈妈的嘴里拔出来，仔细的看了看说：“哎？妈妈，我的鼻屎呢？
",桥界推论,另有含义
"老师，我遇见强盗了，就是作业被抢了。
",无逻辑和矛盾,荒诞或是愚蠢的行径\话语\情况
"某人从国外旅游回来，看起来却闷闷不乐的样子，于是他妻子就问：「难道你们的员工旅游不好玩吗？」某人说：「别提了，住的地方又破又脏，身上还被虫咬。」妻子问：「怎么会这样？公司不是说让你们住『五星级』饭店吗？」某人：「没错，公司说的是住『有省钱』的饭店！」
",⽂字游戏,搞错重点或是误会情节
"一投行菜鸟问：“什么是投行？”前辈拿了一些烂水果问他：“你打算怎么把这些水果卖出去？”菜鸟想了半天说：“我想按照市场价打折处理掉。”这位前辈摇头，拿起一把水果刀，把烂水果去皮切块，弄成个漂亮的水果拼盘：“按照市场几十倍的价格卖掉。”
",桥界推论,其他
"在某大学进修中文的一外国女学生用成语一见钟情造句：昨晚做好全部功课，我一见钟，情不自禁地叫了起来！ 不对，不能将成语拆开。年轻的男教师纠正道。 今晨我到校一见钟情，就向她问好。 词不达意，还是不对。 她望着男教师又说：我对您一见钟情…… 这次对啦！啊？不对。 男教师红着脸说：句子对了，对象不对
",⽂字游戏,意想不到的答案
有位老兄买了新宾士，开上高速公路庆祝享受。当码表跳到时速130公里时，他突然发现警车闪著红蓝灯跟在后面。他心想：「警车怎能追得上宾士？」于是把油门踩重直飙到150、160，但他最后还是乖乖把车停下来了。警察走上前来告诉他：「如果你想得出一个我没听过的飙车理由，我就放你走。」老兄回答：「我老婆上星期跟警察跑了，我怕你要把她还给我⋯」,禁忌\秘密揭露,另有含义
"约翰：昨天我对乔治讲了一个笑话，他听了后牙齿都掉了。 吉姆：怎么？他牙都笑掉了？ 约翰：不，他说那根本不是笑话。 吉姆：那怎么？ 约翰：我打了他一拳
",桥界推论,另有含义
"有一个美国的烟商来到法国做生意，一天，他在市集上大谈抽烟的好处。突然，位老人走上台子，大声说道：「女士们，先生们，抽烟还有三大好处：第一，狗怕抽烟人；第二，小偷不敢偷抽烟人家；第三，抽烟者永远年轻。」一时间，台下观众情绪振奋，那位商人更是喜形于色。老人却把手一摆，说：「为什么呢？因为........第一，抽烟的人驼背的多，狗见了，以为正要拾石头打他哩，第二，抽烟人夜里咳嗽，小偷以为他没睡，不敢偷。第三，抽烟人都短命，所以永远年轻。」
",禁忌\秘密揭露,意想不到的答案
"在一个炎热的下午，一位爷爷跟著孙子一起在客厅看电视。后来实在太热了，爷爷想吹电风扇。于是他就跟孙子说：「去帮爷爷插插头」这时孙子就去浴室里拿了条毛巾在爷爷的大光头上擦擦头。
",⽂字游戏,搞错重点或是误会情节
"妻子让丈夫买丝瓜，丈夫便在门口等着。一会儿，来了个卖韭菜的，劝他买，他说：我要买丝瓜。卖韭菜的说：丝瓜痿阳，韭菜壮阳，为何壮阳的不买，却要买痿阳的？妻子在家听到了，高声对丈夫喊道：丝瓜等不来，就买了韭菜吧
",桥界推论,另有含义
"学生：老师，我想请假一天。老师：什么理由？学生：我奶奶快不行了。老师：你奶奶不是去年就已经过世了吗？学生：这次是我家隔壁的王奶奶。老师：那跟你有啥关系？学生：是我爷爷非得让我和我爸去给她送终。
",桥界推论,另有含义
"小时候过年，妈妈给小冬一元压岁钱，小冬看了又看，摸了又摸，妈妈说：“没想到一块钱你会这么珍惜！”小冬说：“不是啊，我是检查一下是不是假钞！”
",禁忌\秘密揭露,意想不到的答案
"夫妻俩在前往电影院的路上。妻忽然想起：「我忘了将厨房里炉子熄灭，要是引起火灾，怎么办？」夫思忖了一下：「尽管放心，我也忘记将浴室里自来水龙头关闭，所以毫无危险。」
",无逻辑和矛盾,荒诞或是愚蠢的行径\话语\情况
"麻麻问儿子：“你长大想找个啥样的老婆啊？”儿子：“妈妈酱紫的。”麻麻很高兴：“为啥啊？”儿子：“我外遇不会被老婆发现！”
",桥界推论,另有含义
"小芬：「老师我肚子痛！」老师：「那去保健室擦药吧！」小美：「不用擦药啦！一定是她没吃早餐肚子空空的在作怪！」小明：「老师我头痛！」小芬：「那小明就是头脑空空在作怪䁖！」老师：「无言中。」
",羞辱,意想不到的答案
"三兄弟好不容易聚在一起。二哥：「要不要玩大老二？」小弟：「玩谁的？」大哥朝两人瞄了一眼，不屑的说：「我的。」
",桥界推论,另有含义
"今天我姐带着我小侄还有我溜达。 我小侄走着走着就摔倒了，俺姐那是一个心疼啊：大乖怎么摔了？疼不疼啊？？ 我小侄淡定的爬起来，拍拍身上的土，说：走累了，爬地上歇会…
",禁忌\秘密揭露,意想不到的答案
"甲和乙在酒吧里喝酒闲聊…… 甲：“经济不景气，养家活口真辛苦……” 乙：“你是几个小孩啊？” 甲：“五个。” 乙：“哇靠，五个的确不好养！” 甲：“孩子倒还好，不过孩子们的五个妈可真难养。” 乙：“……
",桥界推论,意想不到的答案
"一天，老妈心神不宁的，我问她怎么了，老妈把我拉到窗户边，说：“你看这人，在我们家门口站了半个多钟头了，他不会是要偷东西在摸底吧？”我立马到房里关了wifi，没过多久那人就走了。
",桥界推论,另有含义
"老师带着一群小朋友们参观自然保护区，他们来到一片乌龟聚居区，看见那里有许多乌龟蛋。小朋友们看着那颗颗代表生命的蛋好奇无比，跑来跑去左看看右看看。 可唯独小明一人站在那不为所动，老师自然注意到了他，便询问原因。 小明白了老师和小朋友们一眼，一脸的不屑:“一群王八蛋，有什么好看的！
",羞辱,意想不到的答案
"牧师对买他的马和马车的农夫说：这匹马只听得懂教会的语言：叫‘感谢上帝’它就跑，叫‘赞美上帝’它才停下。 买了马的农夫将信将疑，他试着叫了一声感谢上帝，那马立即飞奔起来，越跑越快，很快就跑到了一处悬崖边上，惊恐万分的农夫才想起来让它停下的口令并高叫道：赞美上帝！ 果然，马在悬崖边上停了下来。 死里逃生的农夫长长地嘘了口气：感谢上帝…
",桥界推论,另有含义
"动物园，一名妇女看见两个中作人员在哭泣，便问道：「你们怎么啦？」「大象死了。」一个工人答道。「看来你们对大象的感情很深厚啊！」「不是，动物园园长让我们给他挖坟墓。」
",桥界推论,另有含义
"中年的肥胖妇人，在街上遇到久违不见的老朋友。朋友说：「近来你似乎很忙？」「嗯，忙著减肥！」「怎么减？」「每天骑马三个小时。」「效果如何？」「嗯，马瘦了一公斤！」
",夸张,另有含义
"一位电视演员的演出合同，又续约到下一个演出季，全家人都很高兴。他的儿子在学期结束那一天冲回家来，大叫著：「爸、爸，这是我的成绩单。」「是不是都及格了？」「哦，比那更好，」儿子充满自信地答道：「我暑假后可以再继续读一年高二，跟你一样哦！」
",桥界推论,另有含义
"男生带女生出去玩，女生问：“我们去哪里？” 男生本想说去公园划船，去船上，但一着急说：“去床上吧！” 女生慌忙逃走
",⽂字游戏,搞错重点或是误会情节
"这是实际发生在我身上的一件真人真事...这天特地起个大早想吃吃好久没吃的到的早餐一进到早餐店..看见豆浆烧饼油条还有饭团与水煎包...心里不禁雀跃起来买了一堆杂七杂八的想到学校慢慢享用~结果...我却发现我没有塑胶袋！！这可麻烦了...我买了这么多万一没塑胶袋我要怎么带走呢！？老板看到我有点惊慌的表情他识破了这一切...他慢慢的张开口...用他那没涂护唇膏而干裂的嘴唇慢慢的说出...""少年仔~你没带塑胶袋阿！？""我很不好意思的回答""对阿~你这边真的没塑胶袋了喔！？""老板微微一笑...""你现在慢慢往后看...那根电线杆看到了没有！？等一下你就走过去~上面就有放塑胶袋了~大的小的看你要哪一种自己去拿~你千万不要说这是我给的喔！！这是你捡到的！！捡到的喔！！""我..""...(老板...算你行！！)""
",桥界推论,另有含义
"有个人抱怨妻子用钱太浪费了。你是什么意思，竟然说我浪费？妻子咬牙切齿地大叫，我用的每一分钱都花在家庭上。你才是乱用钱。我怎么乱用了？ 譬如说那个………妻子指着灭火器说，你买的那个灭火器已经两年了，却边一次都没有用过
",桥界推论,荒诞或是愚蠢的行径\话语\情况
问：手中有5只镖水里有5只鱼试问可以射中几只鱼？答：2只因为三只鱼闪镖（三支雨伞标）,⽂字游戏,另有含义
"一名妇女抱著一个孩子坐上公共汽车。司机看了一眼孩子，不由脱口而出，说道：「我一辈子都没见过这么丑的孩子！」气愤的妇女走到最后一排，坐下后，对旁边的一名男子说：「这个司机刚才侮辱了我！」那人答道：「您赶紧去找他算帐，我来替您抱这只小猴子.........」
",羞辱,另有含义
"上班休息时间，小丽和小兰在休息室冲咖啡。突然小丽问到：「你搅拌咖啡的时候是用啥？」小兰不假思索的说：「右手。」小丽崇拜地说：「哇，你好厉害，都不怕烫，像我都用汤匙的！」
",无逻辑和矛盾,意外出糗
"丈夫在咽气前对妻子说：我恐怕不行了，很快就要到另一个世界去了。 爱吃醋的妻子叮咛说：但愿你到了那个世界以后，再不要和别的女人乱来哟
",无逻辑和矛盾,搞错重点或是误会情节
"罐罐和梅老师在家一起看《时尚王》 梅老师噙着口水感叹说：“女主角可真漂亮啊，要是能娶到这样的老婆，我就此生无憾了……。” 罐罐顿时内疚了：“哎，都因为你娶了我，所以还要一直上班~” 两人若无其事看了很久 罐罐：“你刚刚说的是“此生无憾”还是“辞职不干”？
",⽂字游戏,搞错重点或是误会情节
"大学住宿舍五楼，洗完衣服后要踩着窗台挂上去。 一天，一哥们洗完衣服后，一边踩窗台一边对另外一哥们说：“如果我掉下去了……” “放心吧，我们一定会帮你把衣服挂上去的！
",桥界推论,搞错重点或是误会情节
"菲菲刚才到医院玩，碰到一个大妈问菲菲“糖尿病是那个科室啊” 菲菲就指着对面的内一科对她说“内一”， 她楞了一下，菲菲又重复了一遍“内一”，大妈终于有反应了， 对着菲菲把衣服拉低了一点， 小声嘟囔道“这年头问个路都有潜规则。
",⽂字游戏,搞错重点或是误会情节
"“这次算术考试得了多少分？” “三分。” 话音刚落，“啪！啪！啪！”小明的屁股上挨了爸爸的三鞋底子。 “下次再考，得多少分？” “下次我一分也不要了。
",桥界推论,其他
丈夫：“天哪，都9点了，饭还没好吗？看来我得去饭店吃了” 妻子：“亲爱的，再等5分钟。” 丈夫：“5分钟饭就能好吗？” 妻子：“不，我换件衣服，跟你一起去。,禁忌\秘密揭露,意想不到的答案
"和男友一起去超市，外面很热，到了超市，男友就迫不急待的跑到放空调面前，然后大声对我喊：“亲爱的，快过来爽一下。” 周围的人都看着我们掩嘴偷笑，那个尴尬啊
",⽂字游戏,搞错重点或是误会情节
"售货员：你怎么把炊具搬到柜台上来了？ 厨师：我看你的火气炒菜正够火侯
",讽刺,另有含义
"家里停电，是保险丝烧断了，老爸爬梯子上去修，我在下面问：爸，保险断了没？他：没，受益人是你妈，你就别指望了！
",桥界推论,搞错重点或是误会情节
"男职员向女主管请假。男职员：「经理，我想请假去向我女友求婚。」女主管（鄙视）：「难道你没有听过婚姻是爱情的坟墓？」男职员想了一想。男职员：「那么我请丧假。」
",禁忌\秘密揭露,其他
小小姑娘清早起床，提起裤子上茅房。茅房有人敲不开门，就快拉出来。小小姑娘抬头张望，四处无人！就蹲在大路旁，刚刚蹲下对面来人，是位老大妈。 大妈笑着向她走过来，跟着递过来一张纸，小小姑娘脸红忙说：不要了。谁知仔细一看罚款单100元！！,桥界推论,意外出糗
"有一天，吴小姐去看医生医生说：这个药效十二小时回家时有一个人经过，路人问：妳为什么一直笑？她说：因为医生叫我要笑十二小时
",⽂字游戏,搞错重点或是误会情节
"女领导着时髦大衣到乡下指导工作，一老汉好奇地问：“这是啥料？” 答：“裘皮”。 老汉大惊，随行人员以为他没听清，补充说：“就是貂毛”！ 老汉顿时失色，哆嗦道：“俺的娘唉，这得糟蹋多少老爷们呀！
",桥界推论,搞错重点或是误会情节
一位记者问一位90岁的老爷爷，「大爷你结婚70年了，可还是每天都叫你的老伴亲爱的，宝贝，这么多年了有什么秘诀吗？」「没办法，40年前我就忘了她叫什么了，我又不敢问她，只能那样叫了……」,禁忌\秘密揭露,意想不到的答案
"问：酷酷哥、酷帅哥、帅酷哥，请问哪一个人的老婆身体最虚弱？答：酷酷哥，因为他的老婆叫酷酷嫂
",⽂字游戏,另有含义
"跟你说个我老二的故事算了，太长不说了
",桥界推论,另有含义
"老王夫妻同赴欧洲旅游，参观一座古堡时，老王在古堡前的许愿池投了硬币许愿，太太随后也依样而行，但在丢硬币时，突然不小心跌进许愿池里。老王惊讶得目瞪口呆，直说：太灵验了！太灵验了
",桥界推论,另有含义
今天去中关村修电脑，等的时候一个男的进来说要买摄像头，老板就给他拿了一个，他拿着摄像头，逗老板大概1岁半的孩子，举着摄像头让孩子亲他一下，说不然就把他家东西拿走，说着就假装向外走，老板以为闹玩，也没在意，然后，这货就拿这摄像头真走了…… 老板一会才缓过来，追出去早没人了,其他,意外出糗
"一位病人去找心理医生说：“大夫，我该怎么办呀，我最好的朋友跟我的太太一起跑了。” 医生：“哦，我也为你感到难受。” “是的，我太难受了，因为……我非常想念我的朋友啊。
",桥界推论,意想不到的答案
爷爷：A，你爷爷多大岁数了？ A：我爷爷他去世了…… 爷爷：哦……74了……那你奶奶呢？ A： 我奶奶也去世了。 爷爷：哦……他俩还同岁啊…… 我们家其他孩子们狂笑，A憋得满脸通红，爷爷一脸茫然…,⽂字游戏,搞错重点或是误会情节
"奶奶陪着孙媳妇逛街，孙媳妇打算找一家金店买些首饰。 当她们来到一家店铺门前时，奶奶非得拉着孙媳妇进去。 孙媳妇笑着对奶奶解释：“奶奶，买首饰得去金店，不是五金店！
",⽂字游戏,搞错重点或是误会情节
"老师去家访，一进门看见他的学生正在抽烟，师生一时都愣住了，不知说什么好。 家长一见，忙责备孩子：光知道自个儿抽，也不快给老师点上一支
",桥界推论,搞错重点或是误会情节
今天在单位游泳池游泳，看到两4.5岁左右小孩， 一正太一萝莉，萝莉她爸游走了她在那喊救命， 正太'奋不顾身游过去费劲拉了半天把萝莉拉到边上， 到岸边正太说了一句话，把我们笑到了，他问萝莉：“你应该怎么谢我？” 萝莉说：“有前途，小伙子！,0,0
"「我们女儿练声乐嗓子大有进步。」萧克太太对朋友说。「是音色提高了吗？」「我说得主要是音量。以前只有这一层楼的人来告状，现在附近几幢楼的住户都来诉苦了。」
",禁忌\秘密揭露,另有含义
"甲﹕「昨天一个小虫子落到我老婆眼里﹐花掉了我三十块钱。」乙﹕「那有什么！前天一个皮大衣落到了我老婆眼里﹐结果花掉了我三千块钱。」
",类比,意想不到的答案
"有一位父亲，担心即将嫁人的女儿被老公欺负，在女儿的新婚之夜，嘱咐女儿：「行房时，如果感觉很痛，妳就赶快叫爹；如果感觉很爽，就唱兰花草。」到了洞房花烛夜，父亲很紧张的倚在门边，仔细聆听著。结果他听到：「爹爹爹爹爹，爹爹爹爹爹.....................」仔细一听，她的女儿是用兰花草的曲调哼著。
",桥界推论,另有含义
"上周末我去做头发，洗头、按摩、剪发、烫头，一阵折腾，好几个小时，有些无聊，便和按摩的那个女孩聊起来，女孩问我：姐姐是做什么的？ 我回答说：我是做媒体的。 那女孩一听我是做媒体的，很是兴奋，对我说：是吗？这么巧！我原来也是做媒体的。 我看看女孩，有些不敢相信：你也是做媒体的？报纸还是杂志？ 那女孩听了我的话，很困惑地看着我说：就是美体啊！美丽身体的‘美体’啊…
",⽂字游戏,搞错重点或是误会情节
初中时，我旁边坐的一漂亮妹妹，上课无聊道：“把别人写给你的情书给我看看，以后用的着的。” 她还没答话。前面一个追求她的男生掉过头：“别人给她写的你看什么！” 一起骂道：“我们2个说话关你屁事。” 后面看前面男生的情书我笑哭了…,0,0
"“究竟什么才能使你离开被窝？美色还是美食？”“我的膀胱。”
",禁忌\秘密揭露,意想不到的答案
"二战过后的一次表彰会上，一位记者访问一个战争中的英雄。 问：您作战如此勇敢，请问您作战的勇气来源是什么？ 答：我们的长官发给我们一人一件世上最先进的防弹衣。 (奇怪地)：那为什么你们连全军覆没，而你也中了重伤呢？ (要哭了)答：因为在此之前，我们不知道那只是一件破棉袄…
",禁忌\秘密揭露,搞错重点或是误会情节
"吃过晚饭在客厅看报纸，问老婆：「你洗碗了吗？」老婆严肃的说：「老公，你应该这样问，『宝贝，我去帮你洗碗吧！』」然后我再说：「老公，已经洗好了。这样显著多好......」于是，我：「宝贝，我去帮你洗碗吧！」老婆：「恩，去吧。」
",桥界推论,意想不到的答案
"维埃里的儿子对维埃里说：爸爸我以后也要当你那样的足球明星！ 维埃里伤心的对儿子说：不，儿子！你长大了还是当一名裁判吧，因为再精彩的进球如果被判成越位的话也只能认倒霉
",禁忌\秘密揭露,意想不到的答案
"殡葬时儿子写了篇悼词：老爸，昨天你两眼还像二饼，今天就成了二条,不知东南西北风哪个么鸡把您害了！您的追悼会开得很隆重，清一色尽是您的麻友，大家排成一条龙与您告别，每人给您献上一杠上花。您一生都想发财结果仍是白板，今到火葬场,您终于糊了
",⽂字游戏,另有含义
"那天我在家看电视，电视里说的是小孩遇到危险怎样处理的事情。于是，我就想考考两岁的儿子。 我装作晕倒的样子，看他怎么办。“妈妈，妈妈，你怎么了？” 儿子喊着，并用手掰了掰我的眼，“妈妈，你真的死了吗？” 然后等了好一会，没听见动静。透过眯缝的眼，我看到儿子在数我钱包里的钱
",桥界推论,荒诞或是愚蠢的行径\话语\情况
张大千20岁时曾做过3个月的和尚。一天乘摆渡过河，船至河心，才知道渡资要4个铜板，可是他身上只有3个铜板，于是要求船家把渡资减少一个铜板，算做布施。不想船家非但不肯施舍，反而把他的袈裟扯破。 后来张大千谈起此事说：既然没有了袈裟，只好还俗回家，既然还了俗，就索性结婚吧！ 幸亏他遇到那位船家，要不然他现在怎会有15个儿女,夸张,意想不到的答案
"新上任的县令是山东人，因为要挂帐子，他对师爷说：“你给我去买两根竹竿来。” 师爷把山东腔的“竹竿”听成了“猪肝”，连忙答应着，急急地跑到肉店去，对店主说：“新来的县太爷要买两个猪肝，你是明白人，心里该有数吧！” 店主是个聪明人，一听就懂了，马上割了两个猪肝，另外奉送了一副猪耳朵。 离开肉铺后，师爷心想：“老爷叫我买的是猪肝，这猪耳朵当然是我的了……”于是便将猎耳包好，塞进口袋里。回到县衙，向知县禀道：“回禀太爷，猪肝买来了！” 知县见师爷买回的是猪肝，生气道：“你的耳朵哪里去了！” 师爷一听，吓得面如土色，慌忙答道：“耳……耳朵……在……在我……我的口袋里！
",⽂字游戏,搞错重点或是误会情节
"小亨利的姑姑来到他家做客，见到亨利，对他说：“亨利，我想送一件礼物给你，让你高兴高兴！” “太谢谢了！姑姑。”亨利回答。 “不过，给你礼物之前，我要问问你的考试成绩如何。” “得了吧！”亨利说，“如果你是真心让我高兴，就别问我的成绩。
",桥界推论,另有含义
"一日，一架飞机飞过一个精神病医院。 突见驾驶员大笑。 空中小姐很好奇的问：你为何笑得那么开心啊？？ 只见他说：他们知道我逃出来，一定会气疯的…哈哈哈…
",桥界推论,意想不到的答案
"新婚妻子问号称精算师的丈夫：你说，我在什么季节怀孕最好？ 这还用问，丈夫不假思索，当然大热天挺着肚子最合算！ 妻子：是否便于我行动？ 丈夫：最大的好处在于里里外外的孕装能省许多钱
",职业病描述,荒诞或是愚蠢的行径\话语\情况
"小时候，爸爸教育我说：“中国的的男女比例是107:101，如果不好好读书,你就是那个‘6’！ “长大了，我考上了清华，发现清华的男女比例是7:1，我还是那个“6“!",类比,另有含义
"小孙女对爷爷说：「爷爷，我长大以后一定会孝顺您的！」爷爷说：「等你长大以后，爷爷都不知道还在不在。」小孙女说：「爷爷您一定还在，因为妈妈说您是老不死的。」
",禁忌\秘密揭露,意想不到的答案
813路公交换了空调车。刚才车上一妹子开心地打电话：“老公，813路换成空调车啦，可凉快了！咱们不用买车啦！”全车人瞬间与妹子同乐。,夸张,另有含义
"大年三十，芳芳的爸爸挂年画。他挂好第一张后，便叫芳芳从后面看他挂第二张是否与第一张平齐。为讨吉利，他叮嘱芳芳说：我要是挂高了，你就说发财，我要是挂低了，你就说健康。 当他把画挂好后，芳芳左看右看都一样齐，于是报告说：爸，不发财，也不健康
",讽刺,另有含义
"一日， 在网吧一男士，想在网吧使用u盘，可怎么也找不到插口。 于是大喊，老板怎么没有插的地方呀！ 漂亮的女老板听到后，笑着说只有我这个可以插，别的机都不行 说插在什么地方，前面还是后面 女老板说随你便，前后都可以插 可是男士还是没有成功，焦急的说，还是插不进去呀！怎么办？ 女老板说开始时都这样，不好插，插插就容易了，你再试试？ 男士又试着插了一会，不过还是没有成功。 于是想换个网吧。 女老板突然叫住他你还没有交钱呢！ 男士一楞，说没插进去还要什么钱？ 女老板不甘示弱说上了就得给钱，一共半个小时，交钱！！！
",⽂字游戏,另有含义
有两个嗜酒如命的人。有一天，两人相邀去喝酒，却发现两人身上加起来的钱只有200余元。其中一个人对另一人说：「没关系，看我的。」他们到了一家7-11买了两条热狗，将热狗分别塞在自己的裤裆里，然后进了酒店大喝特喝。喝到差不多的时后，他们就互相跳到对方的裤档，吸吮起热狗。酒店酒保看到就生气的对他们吼：「滚出去！不要在我店里干这种肮脏下流龌𫜬的事！！」他们就用这种方法一连喝了八家。其中一人对另一人说：「今天喝的我好累！」另一人说：「我才累呢！我的热狗在第二家的时候就掉了！」,禁忌\秘密揭露,意想不到的答案
"在车站上一个双手提著行李的丈夫苦恼地望著刚刚开走的火车，表情无奈地责备妻子：「如果你稍微少花些时间打扮，我们就不会误了这班车子。」「是呀！」他的太太回答，「如果你不催促我这样厉害，我们就不需要花这样长的时间来等下一班车了。」
",类比,另有含义
"一个穷人去吃面，到店中问老板说：清汤要钱吗？ 老板说：不用钱。 穷人说：那我要一碗清汤。 老板当然不想端给他，便答：清汤一碗二十元。 穷人便说：那来一碗汤面吧！顺便给我一个碗。 老板于是照做。 穷人便把汤倒入碗中，答：汤还你，退我二十元
",无逻辑和矛盾,荒诞或是愚蠢的行径\话语\情况
今早地铁上听到一个男性跟旁边的女性朋友炫耀说：“10年之后，至少我能知道我的孩子姓什么，你就杯具了，还是未知数呢！” 那女同学回句：“但是我的孩子肯定是我的孩子，你的孩子就未必了。” 那男的直接被秒杀了…,桥界推论,另有含义
"老师：我真不明白，提第埃，你一向是我最得意的学生，样样第一。可是半个月以来，你忽然一塌糊涂，什么功课都不行了。到底是怎么一回事呢？ 提第埃：很简单，老师，现在是爸爸跟不上了
",桥界推论,另有含义
"某日，我们高中数学老师跟我们讲函数周期表时，讲到周期二字时激动地走下讲台，对着全班同学说：你们还不了解周期啊，真的是猪都比你们聪明些。然后他指着第一排的一个女生说：你知道什么是周期吗？你跟他们解释一下。 全班均晕倒
",桥界推论,另有含义
"大杨整天吹吹呼呼满世界没有他不知道的事，那天儿子和几个同学在一起写作业，提起滥竽充数的成语。 大杨跟孩子们解释说：有一大户人家去鱼行买鱼，由于要的鱼多，鱼行没有那么多的鲜鱼，但又舍不得放弃这宗生意，于是就把那些死鱼、烂鱼放在下面充当好鱼一块卖了，于是就有了“烂鱼充数”的成语
",⽂字游戏,不懂装懂
"有一对夫妇外出旅游，回到家门口，丈夫一摸口袋，叫道：“哎呀，我把大门钥匙弄丢了！” 妻子不满地说：“我就知道你们大老爷们粗心，这不，我出门时特意藏了一把。” 丈夫如释重负地嘘口气道：“太好了，快拿出来开门吧。” “但我把它藏在屋里的抽屉里了。
",类比,荒诞或是愚蠢的行径\话语\情况
今儿去买鞋 ，一美女在试一双过膝长靴（膝盖往上10厘米）其实挺好看的 ，但美女貌似有点挑剔 ，想想这问问那的。 最后问店员 ：“还有再长的吗？” 犀利的店员呐 ，蹦出一句：“再长就是皮裤了……,桥界推论,意想不到的答案
"有个画像师给人刚画完一张肖像，就给那人说：您把这张像拿到人多的地方问问，看画得像不像？ 那人说：好吧。他向碰见的第一个人问道：你看这幅像，哪一处最像我？答道：方巾最像。他向碰见的第二个人也这么问，那人说：衣服最像。等碰见第三个人，画师暗中对那人说：方巾衣服，都有人说过，您不要再说了，您只说说形体像不像？第三个人端详了半天，说：胡须最像
",讽刺,另有含义
都23岁了，小王还还没找到女朋友。这可把小王的家里人急坏了。 堂哥对小王说：“你怎么还不找女朋友呀？” 小王不高兴说：“你以为那么容易找呀！” 堂哥说：“等你找了女朋友后你会有什么反应？” 小王说：“等我找到女朋友，我第一时间就是抽他两巴掌，我得问问，这些年你TMD躲哪里去了。,桥界推论,意想不到的答案
"有位男士打电话到警察局说：『警官先生，我家隔壁大楼有位小姐裸露身体。』? 警官说：『先生，我们马上就到。』（五分钟后，这位警官到达现场） 警官问：『在哪里？先生』? 男士说：『就在这里，警官。她仍然我行我素，毫无羞耻地裸露着』 警官问：『到底在那里？先生，我并未看到任何裸体女了』? 男士说：『你必须使用望远镜才能看到她
",夸张,荒诞或是愚蠢的行径\话语\情况
"喂，是医生吗？请您快点来我家，我儿子把我的袖珍钢笔吞下去了！ 好吧，我马上就来。 医生，在你来之前，我该怎么办？ 您可以让他先用铅笔写字嘛
",禁忌\秘密揭露,意想不到的答案
"有一天，一位医生去教堂向神父告解医生说：「神父啊！我做了一件不可原谅的事。我和我的患者，发生不该有的事，我们之间有了超友谊的关系！」神父说：「没关系，既然你肯来告解，就表示你肯悔改，神会原谅你的！」医生说：「神不会原谅我的啦！」神父问：「为什么？」医生答：「因为我是个兽医──」
",无逻辑和矛盾,意想不到的答案
"女朋友不小心把给家人的短信发到了我手机上， 内容是：“爸妈你们别再找我了，保重身体， 儿子现在过得很好。” 看完我惊得一句话都说不出来了， 原来她，根本不是孤儿
",无逻辑和矛盾,另有含义
"女儿发烧，我和老公带她去医院。医生说，打针好的快。 女儿一听就哭，看着后面排队的病号，老公强行把她摁住。 那位三十多的男医生赶紧扎针。 女儿一面回头看看她爸和医生，哭着说，“你们男人真是没一个好东西。
",羞辱,意想不到的答案
"题目：其中小朋友写：我的其中一只左脚受伤了。老师评语：你是蜈蚣？~~
",无逻辑和矛盾,荒诞或是愚蠢的行径\话语\情况
"有天小明很饿就到了图书馆问管理员：「请问这里有卖卡拉鸡腿堡吗？」管理员回说：「不好意思，这里是图书馆欸」于是小明说：「请问这里有卖卡拉鸡腿堡吗？（小声）」
",桥界推论,搞错重点或是误会情节
"小娟：妈妈，这钱给您。 妈妈：这么说你寄信没贴邮票？ 小娟：不要紧，我趁邮局的人不注意，偷偷把信投邮筒里了
",无逻辑和矛盾,荒诞或是愚蠢的行径\话语\情况
"有个人买了一只鹦鹉，想教它学会文明用语。于是每天早晨经过它时都说：「早安。」话说这天早上他精神不太好，经过它时什么也没说，鸟儿冷冷地瞪著他说：「喂，你今天怎么没跟我请安？」
",无逻辑和矛盾,意想不到的答案
"有一个妙龄女子搭上了一艘船准备去南方渡假。当她在甲板上一个人独自吹著海风时有一个抢匪趁她不注意时拿著刀子架住了她：「把你所有的钱交出来　不然的话就把妳搞完丢下海！」女子回答：「可是我没有睪丸啊..」
",⽂字游戏,搞错重点或是误会情节
"南部一所天主教女子学校，修女老师非常注重生活教育，所以特别注重培养淑女气质，规定高年级女生都必需穿丝袜。也许天气太热，许多同学常偷懒不穿丝袜。 一天朝会时，资深的院长亲自检查服装仪容，对一名女同学说：你今天穿的丝袜颜色太深了。 女同学尴尬的回答：报告院长，我今天没穿丝袜
",夸张,搞错重点或是误会情节
"四岁的儿子听儿童歌曲《小龙人》，当唱到：“我头上有犄角，我身后有尾巴，谁也不知道我有多少‘秘密’。”时，儿子大声说了句：“爸爸，我有两个咪咪！
",⽂字游戏,另有含义
"一位白手起家的大亨正在夸耀他成功的秘诀。 他说：本人平时有一个理论，那就是薪水是工作中最不重要的一个环节。全心全意工作，以达到个人能力的巅峰，所带来的满足感比金钱更大。 记者问：你就是记自己深信了这点后才发家致富的吗？ 不，我是让为我工作的员工深信不疑后发家致富的
",禁忌\秘密揭露,意想不到的答案
"有个人好些天睡不着觉，他拖着疲倦的身子走到医生的办公室。医生对他说：你得学会松驰。今晚不要数羊了，叫身体的积各个部位进入睡眠，从头到脚尚未进行完，你就会睡着的。 他回到家里，心想，不妨试一试这个新法儿。当晚上上床以后他说道：头，睡吧。脖子，睡吧。肩膀，睡吧。。。快说完了，这时他妻子穿着一件新睡衣走了进来。那人大声说道：都给我醒来
",桥界推论,另有含义
"阮阮买苹果，问到：“苹果甜吗？” 卖家说：“甜！” 阮阮又问：“苹果脆吗？” 卖家答到：“方圆几里我家的苹果最脆了！” 阮阮大笑到：“那就好，那给我来二斤梨！！
",无逻辑和矛盾,意想不到的答案
"一天朋友聚会在给他爸打电话。打完后放下电话，另一个朋友问，你爸挂了？那个朋友也没想，点点头，恩，挂了。另一个又问了一遍 你爸真挂了？那个朋友反应过来了，艹，你爸才挂了！
",⽂字游戏,搞错重点或是误会情节
"有一对夫妇去相面，卜者看了看丈夫说：你将来会因突然破产，引起心脏病死亡。 妻子哀求说：先生，你能不能帮他改改命？ 卜者又看了看丈夫：好吧，我想办法改成因突然发财，引起心脏病死亡
",桥界推论,搞错重点或是误会情节
"叔叔是旧车商。有一天，一位老太太来买车，看了几辆不同牌子的车。她并不开车试试，只要了钥匙，扭开汽车上的收音机，按按选电台的按钮。她见我叔叔一脸迷惑的神情，就解释说：「我对汽车懂得不多，但是可以从收音机看出汽车的好坏。如果播的音乐是摇滚乐，就可以想见这辆汽车以前一定开得很猛。我只买专听古典音乐或轻音乐的汽车─这十七年来，从未买过一辆坏车。」
",讽刺,意想不到的答案
"﻿乙：我开‘洋货店的。 甲：为何不卖国货？ 乙：我卖的并非外国货，全是国货，只因生意不好，不能赚钱，倒养几个伙计，所以叫‘养伙店’
",⽂字游戏,另有含义
"中国高官团出访泰国。迎宾美女接待齐喊：「欢迎贪官，色情服务！」官员们面如土灰。翻译见状忙解释：「她们刚学中国话，舌头不灵活，实际说的是：欢迎参观，热情服务！」
",⽂字游戏,另有含义
"一个男人去看心理医生：医生,我实在受不了了！我太太对我不忠，她几乎每天晚上都去宅东东酒吧找男人。事实上，她与任何想上她的男人睡觉，我快要疯了！我该怎么办？ 放轻松点！医生说：深呼吸，不要太激动。好,现在告诉我,这个宅东东酒吧到底在哪
",桥界推论,另有含义
"有天有个牙签走在路上，迎面而来，看到一个刺猬，结果牙签就说：「喔～公车来了。」
",转化,意想不到的答案
"物理学家、天文学家和数学家走在苏格兰高原上，碰巧看到一只黑色的羊。「啊！」天文学家说道：「原来苏格兰的羊是黑色的。」「得了吧，仅凭一次观察你可不能这么说。」物理学家道：「你只能说那只黑色的羊是在苏格兰发现的。」「也不对。」数学家道：「由这次观察你只能说，在这一时刻，这只羊，从我们观察的角度看过去，有一侧表面上是黑色的。」
",职业病描述,其他
"在天堂报到处一名天使问一个可以上天堂的男人：「你为什么宁愿下地狱也不要来天堂呢？」男子：「因为我老婆在天堂」
",桥界推论,另有含义
"蒂姆家里来了一位年轻漂亮的女客人。 妈妈对小安东说：“来，小乖乖，去亲一下阿姨。” 小安东拒绝道：“不行。爸爸在走廊上也想亲一下她，结果挨了一记响亮的耳光。
",禁忌\秘密揭露,意想不到的答案
"初中文艺晚会，抢答题环节。 女主持：大家注意了，不要抢的太快。等我说完开始再举手。 然后开始念题目，说：现在开…… 这时候，一个选手就抢答了。 主持人就说这位同学太着急了一点。我‘始’（屎）还在口里，你怎么就抢了。 全场暴笑
",⽂字游戏,另有含义
"洋相士对来看相的男子说：「看来你是个怕老婆的。」那人说：「我还没结婚呢。」相士说道：「这就对了，如果你不怕老婆，为什么还不结婚？」
",桥界推论,另有含义
"国际大明星在拍一部动作电影，由于动作幅度太大，这位大明星撞到旁边的一棵树晕了过去。 他的经纪大喊道：“我的树啊！” 导演问：“那棵树是你的吗？” 经纪人悲痛欲绝地说：“我的摇钱树啊！……就这样晕了……
",⽂字游戏,另有含义
"宿舍有一个腐女，她的愿望是大一找一个男朋友，大二再找一个。等到大三的时候，让这两个男人幸福快乐的在一起……
",桥界推论,意想不到的答案
"甲：请问一下医院怎么走？乙：很简单，你现在闭著眼睛，走到马路正中央，然后停一下，大约十分钟之后就到了。
",桥界推论,意想不到的答案
"报选择题答案的时候，为了区分“B”和“D”，都用“BOY”和“DOG”代替。 一日，小宝问小周：“第七道选什么？我是BOY！” 小周看了看回答：“我是DOG！
",⽂字游戏,另有含义
"孩子正考虑有关「遗传与环境」的问题。母亲插话道：「这个问题很严肃，大家都知道，如果孩子像父亲，那就是遗传；像邻居，那就是环境。」
",桥界推论,另有含义
"给我一个女人，我就能创造出一个民族！回复：给你一头母猪，明年的肉价就能下跌吗？
",类比,另有含义
"一天，一个男人到未婚妻家玩。晚上临走时下起了大雨，未婚妻劝他留下过夜，说完便去准备被褥。未婚妻准备就绪却发现未婚夫不见了。 过了好久，全身淋的像只落汤鸡似的他回来了。 未婚妻吃惊的问：你跑哪儿去了？ 他上气不接下气的回答：我，我回家拿睡衣去了
",无逻辑和矛盾,荒诞或是愚蠢的行径\话语\情况
"下班途中，顺道买块香鸡排回家充饥。老板娘是一位亲切的少妇，熟练的将油锅中各种食材炸得香脆。等待时，一对五六岁的小兄弟走进来，用稚嫩的童声大喊：「老板娘！我要三十元的薯条，分成三份喔！」老板娘不解地问：「你们才两个人，为什么要分成三份？」较年长的孩子说：「因为我妈妈也要吃！」周围的顾客不禁泛起激赏的微笑，佩服两兄弟年纪小却有如此孝心..不料那孩子却接著说：「若装成一包，妈妈会吃很快！」
",禁忌\秘密揭露,意想不到的答案
"小明要在家烤蛋糕，用牛奶打一点奶油，结果机器就坏掉了，他就想说直接用手打，可是怎么打就打不起来，结果牛奶就对小明说：「你休想用这个打发我！」
",⽂字游戏,另有含义
"农夫和学者同乘一舟,航行在河中.闲着无聊,决定做猜迷游戏。二人决定,如果学者输了,就付十元给农夫,反之则付五元，农夫道：什么东西在河里重500斤而在岸上仅十斤？ 学者苦思不得,遂付给农夫十元。转问农夫谜底,农夫道：我也不知道,并找还给学者五元。学者愕然",无逻辑和矛盾,荒诞或是愚蠢的行径\话语\情况
"与人争执时退一步海阔天空追求女友时退一步人去楼空
",禁忌\秘密揭露,另有含义
"和交往4年的女朋友分手了，昏天黑地地上了双层大巴，旁边坐个美女也提不起兴趣打量！售票员过来卖票，我以为是空调车就递过去两块，售票员看了我们两个一眼就撕给我两张一块钱的票。 我楞了一下，懒得解释，继续头靠窗户回忆我四年的感情，不知不觉泪流满面！美女突然说话了：就一块钱,至于吗",夸张,搞错重点或是误会情节
小林在一家银行大厅里负责处理转账业务，每天要接待很多人，而且有一些人总把他这儿当做咨询处，弄得小林不胜其烦，于是小林做了个“非咨询处”的牌子放在桌子上，心想：这样总该好些了吧？ 不料第2天开门，每个前来咨询的人都先走到小林的桌前，问道：“请问咨询处在哪儿？,桥界推论,另有含义
"问：有一只小鸡要出门，牠跟老鸡说了一句话，老鸡听见了很生气，打了小鸡一巴掌。你知道小鸡说了什么话嘛？答：就是..........老鸡Bye
",⽂字游戏,另有含义
"某人第一次见到大海，感叹道：“大海啊！母亲！”话音刚落，一个浪头打过来，正好打在他的脸上，此人怒道：“我靠！还他****是个后妈
",⽂字游戏,意外出糗
"小明和小军两人在一起讨论奥运会比赛 小明：“伦敦奥运会目前裁判最公正的项目就是射击。” 小军：“为什么？” 小明：“可能是因为选手手里都有枪。
",禁忌\秘密揭露,另有含义
私人恩怨！和老张头说好了今早在公园约架，跟我pk太极拳，6：30决战假山之巅。早到的我跟公园管理员小孟说，7点再开门，果然老张头失约了，等着身败名裂吧。这年头，没关系没后台，拿什么混江湖，哼！,其他,意想不到的答案
"一个女人在医院的升降机里分娩，觉得非常难为情。护士小姐安慰她：""没有关系的，这不算什么，两年前有一位太太在医院大门口就生下了小孩子。"" 不料这妇人竟哭起来：""那也是我啊。
",禁忌\秘密揭露,意想不到的答案